Date,total,SP500,AMZN,BABA,BKNG,CMCSA,FB,FICO,HD,INTU,JNJ,KO,MCD,MTCH,PAYC,SNPS,TTWO
2020-01-02,3257.8826761572273,3257.85009765625,166.99739600585937,282.68365297363283,80.66436841796875,325.78500976562503,325.78500976562503,325.78500976562503,325.78500976562503,176.18453328125,30.33058440917969,45.67505836914062,325.78500976562503,325.78500976562503,325.785009765625,121.28975913574219,73.56225520507812
2020-01-03,3241.244124597532,3234.85009765625,164.97020620837992,279.12067844904277,80.31053602667023,323.19997989742745,324.06119642885557,324.9342184819589,324.70230634968703,175.00626363195383,29.9794248471318,45.42587385410679,324.6330371531427,324.03663439241393,326.87575871802335,120.3474219671881,73.64058819154978
2020-01-06,3262.984180213946,3246.280029296875,167.4258850543613,278.6576203172299,79.6075464185303,320.75856584323145,330.1644363983151,326.7038529277851,326.22995420483653,176.35002070503373,29.94202481287707,45.40926134187035,328.2836985231448,324.45780477641233,333.3243423162729,120.53419242971079,75.134974144334
2020-01-07,3275.0956259076174,3237.179931640625,167.77606570199524,279.93103508644754,80.41046610080232,322.62554403333667,330.8787958298946,330.52389748293723,324.0942390012727,176.3897360706537,30.12487470907108,45.060408090443346,328.7704583240048,326.51244248682184,335.00240355881203,121.36617465512222,75.62908477600176
2020-01-08,3309.6748841506806,3253.050048828125,166.4659600334349,280.40694885664203,80.21021675019755,325.9286255796266,334.2332472468499,332.94014161285827,328.9440677593168,180.6328360406009,30.12072126342224,45.14346748311281,334.092309362775,330.35378098427134,339.35340145913983,123.82813009167978,77.02102962675254
2020-01-09,3348.515560480532,3274.699951171875,167.26487542092121,285.269049427213,81.04191367382336,326.7902930717206,339.01644122362154,341.6012166132872,333.9867336856902,181.96996715237694,30.210067903410227,45.965769411996455,338.05125276524274,332.0383261308921,341.9544238193192,126.21368296283585,77.14154721818129
2020-01-10,3350.536580054316,3265.35009765625,165.69081319499824,287.9059076881773,81.14339106457781,322.98456987238285,338.64371650062964,343.72819482245245,332.5480928230344,182.2016535858945,30.141498003374025,46.123583525473514,336.29893233672595,338.4065164456159,342.3019973981008,126.03541031023235,76.3823024826463
2020-01-13,3395.8458612100326,3288.1298828125,166.4070166094926,296.4595980479409,80.89454837783907,328.8726812868704,344.6227148957585,347.9055831409438,331.24292850289777,182.72459950135953,30.274481187228396,46.62194938702845,335.06580420686305,345.96153298733407,354.1084156422017,127.28335774039245,77.40064969588201
2020-01-14,3365.089084429247,3283.14990234375,164.48364370994068,291.3273916828543,80.54382960526529,330.52422206001535,340.1967006347766,342.6731959751257,330.45686980031024,180.5004380211333,30.44486757590669,46.51396964174798,336.3800630964746,345.3362218092133,343.41674216903004,125.80618966004931,76.4847389874037
2020-01-15,3383.668527593816,3289.2900390625,163.8307980319324,289.48801479398435,80.29809104451128,332.31937864716195,343.4424317879461,343.6090715799763,333.0968448072672,180.71226677184086,30.54668089397959,47.09539489597237,340.3552227478393,350.5047652958756,346.5091667032098,125.56848415392562,76.29191543839374
2020-01-16,3414.110485292262,3316.81005859375,165.23152062246817,288.04739821809034,79.89333010303525,336.5559492885045,344.4052980648442,346.9867140146943,339.37051387543954,183.27400885983684,30.793947244560965,47.195066800878266,342.10754317635616,353.4910447162907,352.7659666481704,127.07961756598844,76.91256609310467
2020-01-17,3434.704043424612,3329.6201171875,164.06835463739085,292.53646937937737,79.8909948889917,341.0797515578503,344.9798946115483,344.54494718482687,343.95338954844533,187.2324753091404,30.995500328451538,47.29473870578416,343.9409696069897,351.84475678881233,355.0792952389204,128.9218417154363,78.34066392264604
2020-01-21,3431.305333174761,3320.7900390625,166.46860217670928,285.8864537273206,77.39786436892723,339.6436208097499,343.8928104569768,346.72297079388494,345.49583795612244,188.66228907476406,31.01628023897252,47.4857778437341,342.61051922611307,347.74819967703087,359.3224216928341,130.3820400838981,78.56964504772266
2020-01-22,3442.2689771404853,3321.75,166.06914448296615,286.0279442572337,77.79485550270144,340.6489041158454,343.70645994380953,349.6496948868235,345.4216767777848,192.1507566957287,30.804337199821457,47.85124677591026,343.06482177154726,346.9059271037205,363.51759308867764,130.25468952091708,78.40092501699844
2020-01-23,3441.266346769577,3325.5400390625,165.8157457582812,281.86044069784646,77.50012491073286,327.7956037697319,341.28378478934803,353.1464345999283,346.53402656040646,191.02543413355866,30.86251714459717,48.03398124199835,346.2773968450121,344.4173666029318,377.3856398818956,131.55359790263523,77.7742519306731
2020-01-24,3397.888118065423,3295.469970703125,163.79736310504967,274.94029962434513,76.32432565432333,320.1841299791407,338.4573659874623,348.2288620189018,344.0868660909645,190.6944592859912,30.818883771299983,47.90938898448143,342.74032349018455,336.0966260235312,377.33768482382544,130.781048530744,75.49049069517771
2020-01-27,3348.9994437989285,3243.6298828125,160.86744102215638,264.28998221957744,74.2219637769536,315.94755933779817,333.6896933212355,343.50698078019064,342.88553194666343,187.83485195584538,30.90823041128797,47.74326703062979,339.65752792315925,331.0173834788777,374.60483177769277,127.66539647535701,74.1588023415033
2020-01-28,3385.322874538291,3276.239990234375,163.0591633107751,270.4126222940556,74.55479348097016,316.2347909658014,338.2244041493459,347.9225896195449,346.8454944570988,190.74742657421885,31.064070228487743,47.352880914355325,341.36117484735325,330.68558223157453,381.86846846817684,129.08314465615848,75.90626834037383
2020-01-29,3390.3773066354233,3273.39990234375,163.4770945265993,272.71505731473843,73.64106029813948,311.0647312294062,346.67264163057075,348.27141716153875,347.0828011754535,189.26466572146904,31.280166713287645,47.352880914355325,347.93237026488333,322.02028799849,386.01568480595023,127.716331518958,75.87011536158322
2020-01-30,3378.001677736916,3283.659912109375,164.5927556348368,268.29028397228836,72.79109459635586,316.95284264389375,325.3967637320883,348.7308517246635,345.2585312377677,189.73464434870644,31.242766679032915,48.88950502684214,350.7555325461338,320.24637371517406,390.29476840866863,128.03893740040238,76.78602607006152
2020-01-31,3322.744172103863,3225.52001953125,176.7382693907979,265.7305987954714,71.17592861474763,310.1312421343536,313.5630322128185,342.3414008758224,338.30265627365765,185.597458754113,30.933163767457792,48.507426750942265,347.16978568698346,310.8663991672735,381.3530704756455,125.2288956066214,75.1048435971578
2020-02-03,3365.6587340641217,3248.919921875,176.34057312590437,274.10423171017715,71.50564944640945,306.32551893501585,317.1038341429411,353.78452806267785,343.4046149333983,187.19936570372272,31.203286751384567,48.656936192557474,349.13301638168844,316.68582683950456,387.7177418670202,127.56351343417647,74.93009653754314
2020-02-04,3449.4863626026568,3297.590087890625,180.3412721026301,286.68395472634376,72.4963687507573,317.9581259499893,325.86266371166386,358.676577943758,348.5362652214511,192.5744141971438,31.50042298487478,48.8728925146057,348.22441129082017,324.1770131546323,404.8220417896367,132.27519927694695,76.4847389874037
2020-02-05,3402.4738584699217,3334.68994140625,179.47902045949735,283.2624707316667,75.4039855244426,320.1841299791407,326.29749737349243,349.51356516574623,353.14880989195484,191.8396395309712,31.99703240886195,48.88119718646755,347.8187822497088,304.4089079105409,386.55507861701244,130.91688394966567,72.76685749075253
2020-02-06,3384.5115290295953,3345.780029296875,180.39054914873932,284.1371251879084,76.24423066045144,320.2559241901837,327.44671416355783,351.98937091690533,354.23149067707857,194.75221414934467,31.90144925926231,48.99748477212262,345.3850080030408,311.9639244522591,348.4509258966473,131.39229496191305,76.97282259018102
2020-02-07,3370.9013734791897,3327.7099609375,182.9465327753689,278.5161297873168,74.24917946257503,321.26123488819496,329.74512404703137,355.29044525178415,351.9474757476537,195.08318899691216,31.560679652474914,49.163603557461535,343.34064654858713,307.13993461928084,351.8310442002564,130.9763038492073,67.8498500950845
2020-02-10,3387.280626623876,3352.090087890625,187.75317137413967,277.53857134323573,73.3568334229969,320.6867716321885,330.8787958298946,357.094118618902,356.8566425006937,197.08889576512698,31.554446313432457,49.628744394543595,345.93668231475243,301.62680338159134,357.17688093684217,133.21753644550105,66.88573235003471
2020-02-11,3375.949693557985,3357.75,189.23925882136155,279.39080387048733,74.23790683380787,321.62026072724115,321.7627865453821,350.31331104951954,358.3842677250289,196.5461123679535,31.581459562995892,49.49584746516483,350.0254052236598,298.0024262793315,353.30536045923265,134.32117655477734,67.72331007204134
2020-02-12,3412.6102185531913,3379.449951171875,190.04872130110573,288.5233119882849,76.22323271953948,330.45242784897243,327.3069275820251,349.309383566175,358.3101065466913,197.69127241183196,31.39444988001465,49.34633802354962,352.8323760136452,301.81822586667613,355.22312383413924,135.42481666405362,68.70550430648645
2020-02-13,3425.097131889381,3373.93994140625,189.15743830321424,283.4425478036535,76.20690046034461,330.81145368801856,331.00303740422527,355.7073246722719,359.45212532681086,197.15509477486077,31.18666345708162,49.512459977401264,352.76746150279354,300.5548170067106,363.5295909979431,136.99536997565806,67.6148465383935
2020-02-14,3458.192233474088,3380.159912109375,187.83765551640099,282.5035759016461,77.41302902110031,330.9550695020202,332.6181304772089,361.2289517947563,363.41208783724625,201.42467838892182,31.19497668951769,49.79486634839524,352.23202819761076,303.6686886856201,376.8822032196381,138.67630413836227,68.34998775564273
2020-02-18,3470.486985039767,3370.2900390625,189.66773712944365,283.6483557793323,76.84224005677159,331.38591694402504,338.23994915654805,366.30817679680655,361.79547825123154,200.9480738003806,30.989266989409085,49.44600992845552,350.706859041811,302.49461486500655,381.3530704756455,138.31124806925754,68.34998775564273
2020-02-19,3481.3797765991494,3386.14990234375,190.9479307288204,285.7321075590259,76.53934570839058,330.09340200992625,337.75852786642764,367.3546594227881,361.35053381202,202.29843663366276,30.947710338936318,49.64535690678004,349.8631684617944,301.43538089650656,388.9283601750981,140.06858479736323,68.41627128160953
2020-02-20,3433.896726067265,3373.22998046875,189.4416298115075,280.45839103709733,76.6334424937838,330.45242784897243,333.23933834886213,357.4344299395505,366.3635307408955,199.4057196980993,30.829270555991275,49.6038272104453,348.9707796198231,298.0662565059219,371.9678522687087,131.65546798983723,69.37436199776887
2020-02-21,3376.8167269379683,3337.75,184.4150059340949,273.4482212410671,74.9929973455171,329.016297100872,326.40619394062094,348.3820241826697,363.8718554597996,196.9763756295709,31.15341686847573,49.94437579001045,350.2525564963768,291.2131337752957,360.0535991571854,126.77399435040391,69.91667966600815
2020-02-24,3286.118778370611,3225.889892578125,176.78842715133192,265.1775119411295,69.69801341463828,320.2559241901837,311.7149773017184,342.62215057523287,355.5069859997173,189.60224632923882,30.318117731094777,48.715078401128636,346.4396583645094,282.7647668400575,354.5159421883189,123.89604780114063,68.10293014117082
2020-02-25,3221.3463949671823,3128.2099609375,173.57255213129574,264.47005929156416,67.13333611308492,309.987626320352,305.5806947111692,332.1319054718291,352.06612910683106,188.52326509399262,30.056304809034874,48.02567340162376,344.1356883819128,271.8150699489782,346.29342381038157,120.68701051449231,66.8676558606394
2020-02-26,3205.8268552927357,3116.389892578125,174.17525078918982,268.49609194796716,65.2522120344919,303.16605320272754,306.24846651445694,332.11487302913855,348.95154066316474,185.40548768621545,29.8547517251443,47.84293893553568,340.8906560530221,266.9783277096192,349.9012829160843,120.58512747331177,65.96379461266596
2020-02-27,3083.3049540452644,2978.760009765625,165.79111797564642,263.72402009992516,64.538723455896,294.76470613108535,294.6787394543932,311.4746941429796,333.30448252812397,177.91221228902347,28.907246143860764,45.62522083243131,326.12574905351664,258.0705331712402,337.2438178519526,116.16209513424452,64.98159578094483
2020-02-28,3075.7541886432614,2954.219970703125,165.742721643962,267.5442447806493,65.93109957573516,290.31272546469825,298.90285819500565,319.9230453584026,323.08569676367233,175.97933049184627,27.943117268274282,44.42914846802237,315.043960679439,260.26558374121134,338.7900484085383,117.09593449287944,64.76467331092516
2020-03-02,3187.474241061302,3090.22998046875,171.91930079008003,271.37732509975507,67.22665449379696,305.3202356289203,305.0682071033018,329.30727217867616,341.031615642294,186.12701042978037,29.09425582684201,46.44751959280222,328.6406540599333,268.20346230177074,349.94920139516285,120.23706702404543,67.52445949414094
2020-03-03,3101.1377614423227,3003.3701171875,167.9634752873395,266.78534995062864,65.43962720059714,297.56514602432753,288.6842197487195,317.0133277440651,338.06534955530293,177.561379758646,28.17376032455271,46.56380717845729,323.70819105574554,259.2701629506302,338.37052395315567,118.95514130818712,67.01829940196832
2020-03-04,3224.0445703530568,3130.1201171875,173.84442437806172,272.6378842305911,67.34913457183336,305.1766198149187,297.8002290332321,333.144349176519,357.5537168416017,189.01972736534384,29.813195074671537,48.93933939503872,335.8933032956146,264.2472839522076,352.0228278535454,124.64312965123138,71.95940571864605
2020-03-05,3133.2475062258427,3023.93994140625,169.2867809318519,271.99474902679145,64.0561932418516,292.75413951889425,287.5660692764011,323.64099911376917,348.2544663222567,190.09870860059004,29.507748779314447,47.128619920445246,321.7774176164664,257.1006342420922,338.32260547407714,121.09450381727885,70.66387034376224
2020-03-06,3050.2072258417693,2972.3701171875,167.26838753820056,263.2223754260386,62.68170619056968,289.8818780226934,281.22989116548246,304.5237179312282,338.910723622072,182.81726195410562,29.511905395532484,45.8993193630507,322.65356545190883,252.88922022952556,320.88265672396113,116.91766184027593,70.9169549871246
2020-03-09,2842.136284343349,2746.56005859375,158.42760429540147,254.24421347653572,59.4043234614716,272.0021337541863,263.2308107379165,268.73092239601357,312.1401902916289,172.13340437920036,28.35038005227346,43.07525882162364,303.18337147856454,241.50563464541028,288.6757324605095,108.41115980148858,68.62114429112434
2020-03-10,2973.5186033987843,2882.22998046875,166.4527600574828,265.4733486393373,60.61744817161794,280.7624792729589,276.7262466551191,286.3423123535378,334.7431233907798,178.5013572142223,29.430868817411373,44.57035006926299,324.2760816163542,252.25112254768078,287.0456079865447,114.76981447524355,71.55568213123082
2020-03-11,2829.252073213033,2741.3798828125,160.20931105759934,255.8520514860348,56.08766452056374,272.2175437792308,264.3800275279819,267.6078976342823,315.74419272453224,172.84830116146142,27.38625117668698,43.365969864479474,305.43866795683834,240.02526439025516,264.5115408309716,111.84093288237928,71.73645621973593
2020-03-12,2553.425225906948,2480.639892578125,147.51739992441208,238.0886602973974,49.78485062146105,250.89107475851642,239.88946109741966,237.48137516397475,282.67032132841894,157.50431207649768,26.058496060967695,39.171407164417246,276.0386829795307,211.77048384576835,230.11113904295374,101.15262462382913,65.29493692138354
2020-03-13,2770.8921749042324,2711.02001953125,157.0541516307749,249.53645907425945,55.26452530206095,282.41404743801957,264.44213646681857,258.25768377121096,305.03597034002934,172.9343578540052,27.903637340625934,40.25950295205843,287.3962961306482,218.22797510250095,271.6313489262369,110.26188176085562,70.27220081412791
2020-03-16,2404.62785457547,2386.1298828125,148.62074177112228,230.04947024990196,50.14528995980963,258.7897801771108,226.7512048960068,204.76843992137714,244.657636812582,147.8994155357371,26.41588737677344,37.59325335559571,241.77112475125506,191.10901115948533,235.25323079597678,95.71933092975766,65.08403688297827
2020-03-17,2519.8094209976116,2529.18994140625,159.06373788017828,237.71563088811348,53.2010456877904,274.4435478083822,232.04688648064584,209.03091256105296,257.53122076733246,158.31850737335947,28.38154674748574,39.18801967665369,239.51582827298128,199.83811857048866,259.80097144259673,101.551633070675,70.18181376987536
2020-03-18,2342.8074880851477,2398.10009765625,161.0134999912146,231.52867336786957,47.97099209861041,256.2047503089132,228.22655878077234,180.36775213721467,230.82000280107096,148.98502273228715,28.042857034091956,37.25270477603056,222.7714743298738,177.79838012345493,230.60257779594585,96.9757826468262,64.24645916097164
2020-03-19,2411.1112374397753,2409.389892578125,165.49460720582584,232.66059760717417,46.32743807798897,258.07170110710274,237.80846804486043,208.25668937722608,238.9772345402964,142.90831927866193,26.399265667755095,34.744275630070355,242.56616658458077,178.4237083502473,236.78746344329704,97.59551393393593,64.08978859075228
2020-03-20,2327.581246232722,2304.919921875,162.42918398655203,233.2008288231344,45.78114512926753,239.61749358258916,232.52830777076625,205.4065333841267,225.6586835155202,133.60792404190576,24.911514118618005,31.812232174850084,240.92743417123845,166.86145268742803,231.10599616870755,93.3847131022026,60.347803575815355
2020-03-23,2298.7277763068573,2237.39990234375,167.4214814822373,226.8209189655933,44.80169845368684,245.36198918307508,229.9969597458336,196.65189678730215,240.84597402800765,128.89484544472117,23.093382917954006,31.197585064665546,222.44697604851112,168.4439274369876,214.48113708981765,92.0943090073929,66.17469465107122
2020-03-24,2550.7590522015644,2447.330078125,170.70070349833978,238.92472821156542,48.97104276639246,248.73689233232366,249.99937927992,229.1265985269921,273.9643376049607,154.77708256471794,24.763985948569704,32.7674310331125,262.7664878803991,203.564600167153,241.66583895592584,102.4090698639084,67.62087356728394
2020-03-25,2568.500296561422,2475.56005859375,165.9266083716071,242.53914491661078,53.10733810473778,241.05362433068956,242.59166202163206,228.80329368494466,269.57425383865564,153.95626130655234,24.80969921526051,34.56154116398227,264.43767754916723,225.54052543626793,252.48937969404253,102.99484877327697,66.11443815399487
2020-03-26,2726.3316652760636,2630.070068359375,172.05480192646053,251.23434543321633,54.66846191744376,263.8162240995044,253.66442278437322,259.4913415181626,289.52241137832203,164.42168437054775,26.29952748722202,36.78756710746123,271.5280900229831,230.01994456689062,274.73578965917795,108.64038045167162,69.44667255262613
2020-03-27,2609.7848158341485,2541.469970703125,167.18128273350447,242.57773145868444,48.80307347820681,248.23425067927587,243.4923719663789,247.63130894672992,282.6110059642374,152.04322709163438,25.590976609368383,35.55826971857942,266.1088672179354,226.61252885982032,250.4397490541909,105.59263962875622,67.30753242684523
2020-03-30,2701.8466064697423,2626.64990234375,172.79915598128883,246.0249463570535,50.86694229481796,254.84044116377146,257.7177123223632,267.00381712873497,290.8423988818005,157.57712694698458,27.637670972917192,37.37729703354748,272.79365065063996,229.72643463607304,255.4499735422689,109.77797293868905,71.41106561879236
2020-03-31,2654.8185214560262,2584.590087890625,171.54712376266585,250.15386337436703,52.30908410418286,246.86994153413414,259.03775831505106,261.7799721483516,276.91578050860994,152.24842988103808,27.247034653790156,36.75434208298835,268.2830576940924,228.73099679682025,242.13330017988287,109.33651430418283,71.47132211586872
2020-04-01,2528.456703663387,2470.5,167.84997053073923,241.2528745090115,49.44385241466206,232.79589307304903,247.8562772885241,245.72554477982646,264.9320628014683,144.38446427065864,26.764968630712314,34.985149136216876,256.6333787594062,214.13141799071946,224.6694104797234,106.93398524415619,70.09745375451325
2020-04-02,2553.318878669263,2526.89990234375,168.82924978817144,242.97647214473162,48.991651504963826,246.79811993117548,245.6665639721791,240.70588139901432,268.90684849524547,149.0843111463371,27.66676094530505,36.505160736467246,262.03636055792504,216.6582698079938,217.2619269045247,109.21766155112098,72.013639784108
2020-04-03,2488.8403124543433,2488.64990234375,167.7523078933654,240.6740567509776,47.85162563929874,243.78227001288877,239.43908242838893,224.4812853881202,265.03587034648956,144.5631935164993,27.878703984456113,36.40548883156136,260.1380196164398,215.91808468041623,197.78434542382251,105.73696638060783,71.39901156101148
2020-04-06,2692.0936987744976,2663.679931640625,175.7589901333657,252.6878176474919,52.75079078979512,260.15408932225256,257.0965281473673,256.5986563465157,283.76784792769877,158.94735756362752,29.040229327715135,38.764408535906355,287.25025086004786,232.84032336365414,217.96912683984087,115.38106090641261,73.08622106280565
2020-04-07,2715.7552076620645,2659.409912109375,176.99166811548284,254.68154070465656,53.51638027196033,265.25232745568906,262.19031421163686,253.18697499050603,285.19164297619847,158.7090552693569,28.566476537073367,38.63151160652758,284.89760737312844,243.5858112659246,222.96737170814924,115.0414723591084,72.34505281666597
2020-04-08,2776.134216694983,2749.97998046875,179.7544155639625,252.08326898576593,53.34880018611528,270.56600300608585,270.65407300340655,255.82443316268885,288.94399039659135,162.79328367627343,29.767481807980733,39.71960739416877,287.9804029401538,252.23837014129998,242.81652258616396,117.87698167468987,71.7665821696361
2020-04-09,2825.391886010253,2789.820068359375,179.7332998986071,252.5849136596525,55.237698818780125,272.8638012462802,272.0672942526781,256.1817509619385,298.8958004451904,166.87752218374075,29.34567562307222,40.699723436529474,298.05621445708556,248.86922870204367,266.08174891659246,115.94985714992134,71.9473562581412
2020-04-13,2815.1270706978535,2761.6298828125,190.829163166511,256.5337732319081,55.252085066272016,267.04748404283566,271.4460863810249,253.53580253249984,294.8320077589195,165.546996832167,29.042309221108752,38.98036802646731,292.24760361745535,249.23932126583247,259.3215305988701,118.96363911810631,72.30889983787536
2020-04-14,2926.121043899038,2846.06005859375,200.89910153372804,263.4024524980253,56.356731489903254,276.597730234575,276.6951803373721,266.45080798716987,307.26066990527266,172.98069918092904,30.343051087264598,40.63327338758373,298.5267580090486,262.9328143207041,273.8967407484126,125.16097789716056,73.98405528188864
2020-04-15,2885.7563796269187,2783.360107421875,203.04241675024255,267.7629083947097,55.392060264155056,266.8320740177911,274.83160411572715,263.71125901520145,294.37224013636614,166.7848496304439,30.681743971227576,39.54518076845527,288.5482687431305,264.37491030804523,271.3676509753385,124.09130311960396,74.41790941648006
2020-04-16,2901.6164383089717,2799.550048828125,211.885842136316,273.53826959052486,54.72289803505661,271.6431079151401,273.71345364340874,256.53057850393236,296.40414779490874,170.41233113162917,31.099393539918054,39.121569627707935,291.2416515179415,278.22153453151606,247.76683068589801,128.89637419363578,76.4184554614369
2020-04-17,2980.4994625812033,2874.56005859375,208.96560791209544,269.4736503920482,57.190754134832616,273.43826450228664,278.3568847353049,271.62363353174993,310.5977192531376,175.6549614044811,31.58769290203835,39.91895437249329,301.95026810633357,285.5085630038498,269.67761011302974,131.57056761451653,74.98433060300508
2020-04-20,2945.387004258178,2823.159912109375,210.6030278745045,272.8565478446515,54.88736924854693,267.19109985683724,276.8039006011579,261.48219000625056,305.5995681384182,174.7547195156263,31.51496638578411,38.64812411876402,294.7300513684462,286.057308597671,266.52523261151435,128.20022738714604,75.53267070285877
2020-04-21,2835.0766138018726,2736.56005859375,204.8408570865115,266.69530160117085,52.18855003784941,256.42016033395777,265.24969485163905,248.05670458856298,297.5313207608722,164.92476250265202,31.101470262742474,37.69292842901433,288.1264234531222,273.97182920246377,249.5527633748512,122.96219548852719,75.76165182793537
2020-04-22,2926.7260662036756,2799.31005859375,207.9528937277805,270.06534341539253,52.6854664993857,256.5637761479594,283.0779460765826,258.5384594347109,302.811270774786,174.65543110157637,31.789245985928922,37.942109775535435,302.5668074136331,282.34361350473074,260.98761222163955,127.95403702508169,76.79205309895197
2020-04-23,2909.1304574968676,2797.800048828125,211.11684955843307,263.99414552136966,52.87987781488159,259.148806016157,287.5039603375644,257.1601817094261,300.06748822280787,170.8227367104366,32.31286548891033,37.43543924211865,295.36283168227465,283.5304738290683,253.71197762189004,129.03220961255747,75.05061412897189
2020-04-24,2949.1868258895097,2836.739990234375,212.06445531783214,262.8622212820651,52.987582443085515,266.8320740177911,295.1757057517158,255.27142402112378,314.6911583060921,174.5296590434126,32.17780558223154,37.734458125349065,298.57543151337137,285.444749825931,253.86780412637432,129.9151139275914,77.05718260554313
2020-04-27,2991.3509068221997,2878.47998046875,209.0535934312163,262.00042246420503,54.55142592580563,274.3717262054236,291.18452515256246,263.4560320157374,322.967043404495,179.9377767400483,32.0593657992865,38.855775768950394,301.609528818442,283.5559956905015,271.0080794872914,130.85745109614547,75.88216482208807
2020-04-28,2985.5354019819524,2863.389892578125,203.60553696111998,258.73328463782275,55.964016835505554,273.43826450228664,284.0563336640255,276.41359261304444,322.77425149779424,176.28382169529993,31.456786441008397,38.82255391299025,301.67441857166176,277.09848738509726,283.7014651212362,128.89637419363578,72.61621394942362
2020-04-29,3124.346410390276,2939.510009765625,208.76411763637427,265.8720893253845,59.12164864932138,280.04442759486653,301.5739928014711,303.7239720474549,328.97373675681473,180.9969002924845,31.217833322863093,39.13818213994438,304.74099788979015,289.38817576911333,323.62750767935927,134.1428909481953,73.01993753683884
2020-04-30,3106.9739718562787,2912.429931640625,217.67617430506277,260.6884211529137,57.56791018834663,270.20697716703967,317.91139252776156,300.2782777342429,326.0371396673216,178.60064562827225,31.17627350182113,38.116536401248936,304.3191278421499,285.20228361797984,312.86388332958654,133.38732424216388,72.94160455036719
2020-05-01,3003.642878821949,2830.7099609375,201.13841956803608,250.15386337436703,56.33223547429597,265.53955908369227,314.1221074489777,286.3848415320853,324.16840017961033,172.85492712276525,30.81264726168833,37.87565972658969,296.36880853942046,277.28990987018204,289.65860996649366,127.03716737832809,73.90572229541698
2020-05-04,3033.9409668594117,2842.739990234375,203.77358156953858,245.87058056182997,54.95230433661576,260.0822951112096,318.76551484421657,294.2291382060504,329.01822893765444,177.25688855519235,30.808493816039494,37.49358145068981,295.0870069052347,285.67446362750144,297.4016875007044,128.25966024066622,75.2675411962676
2020-05-05,3072.804785904605,2868.43994140625,203.9328405145489,250.84846038555077,54.170767051226285,258.86157438815377,321.57643603221476,300.6781506761296,334.60964684826064,181.69195959303713,31.064070228487743,37.70954094125077,290.81980622793316,292.3872075959092,308.02148325525826,130.94235147146617,75.49049069517771
2020-05-06,3090.96961638054,2848.419921875,206.8768325473993,251.04139309591915,53.61514273907064,252.32720550661685,323.75060434135764,303.9877152682642,332.1031483838229,182.61205916470192,30.769013888391147,37.1696453833611,287.1366876025053,313.7760959547174,305.69613846574697,133.14113388009955,76.96680015856663
2020-05-07,3137.691032048571,2881.18994140625,208.31540437736155,252.73927945487603,56.142489840517186,255.48669863082085,328.0834196490986,311.88305734212213,340.30487230388803,185.87546631345282,30.66719739974905,37.045053125844184,293.8701197819007,302.53290618149214,322.2131443877186,134.9324229859464,77.59950027378241
2020-05-08,3168.1434249147965,2929.800048828125,209.37123060681213,258.78474644520685,55.63390680150314,262.3082717484453,329.77619036477836,315.7286505613102,347.69086852386783,185.58420683150533,30.89784045602748,38.29927086733702,294.04859755029497,299.73804924616184,326.06070562578884,135.97663024170248,78.24425904405513
2020-05-11,3192.9744790775985,2930.18994140625,211.95711556220544,264.19993387011965,54.86287323293965,259.65144766920474,331.06514634306194,315.2862224767865,350.84994914837387,190.5355978235113,30.98303365036663,37.825825358393104,293.48073174731826,306.4380408081889,328.76959943238234,137.17365558224012,79.89530637250662
2020-05-12,3117.2807046006483,2870.1201171875,207.37746499579558,257.6528222059023,53.887707783105476,253.8351304657602,326.2819760629476,299.1211880871305,345.4216767777848,186.45798527734783,30.573694143543026,37.22778759193227,286.43899277782515,303.2985961218313,315.77655869873445,134.6183149144212,79.31080869658629
2020-05-13,3055.488646878581,2820.0,208.3426635628509,256.55950413560015,53.11589106349079,251.1065121754767,318.5170553922126,297.7259038832446,341.26892236064873,183.46597992773442,30.571617420718606,36.49685289609267,280.4032554231098,294.50567553290915,291.6363263087359,132.606290014332,79.16619678142388
2020-05-14,3101.1273965517303,2852.5,210.1842159442555,258.92623697511993,53.75511793695368,256.77918617300395,321.17264499147586,297.7088974046435,347.7650297022055,185.52463378307536,30.677587355009543,36.297509086280876,284.6055663471916,301.46088570926815,303.02322009745404,133.9900858173923,79.25657922840038
2020-05-15,3139.938288901076,2863.699951171875,212.02574684482047,261.9875471988946,53.8251079090802,257.92808529310116,327.49330179184966,299.7848042498265,354.95823401548455,188.25188349595663,31.25938997333586,35.93204015410471,282.0095305810263,306.20832700661845,313.65497718228175,134.75413737936435,79.86517582533043
2020-05-18,3265.7964650924114,2953.909912109375,213.47574648146545,276.90829177781774,60.55640510695503,273.5100587133296,331.0806913502641,311.9596514060508,363.8867012739556,192.21032974415866,31.276013267638806,37.352379849449186,291.77708482312426,324.1259694317659,340.2883239070539,135.72194206971895,81.6668758896629
2020-05-19,3271.709792453368,2922.93994140625,215.5055784222193,279.37792860517686,60.17263736002095,274.3717262054236,336.81120659673167,314.0100355512874,353.133986708613,189.81407507994638,30.964333633239264,36.995218757647606,291.35523953311593,330.6983346379553,335.24214227017114,137.5471965072855,85.71015258453367
2020-05-20,3325.9605172043607,2971.610107421875,219.7825424774152,278.85055302759827,62.17857198432392,281.2651209260067,357.13976322551815,326.3635416071365,353.2674632511322,192.2897604753986,30.685897416876415,38.116536401248936,298.70523577744285,330.57074237946097,327.7867219263981,140.47607810014978,88.48198822825432
2020-05-21,3317.088716563842,2948.510009765625,215.27768819459394,272.8951343867252,62.043651670498576,279.68540175582035,359.344997852408,327.7077804111296,357.25709475906547,191.96541158913496,30.48434750355504,37.5184986347881,300.2952946864624,327.54617164256024,328.7576015231169,143.03991657788788,83.26972537609497
2020-05-22,3310.374319825462,2955.449951171875,214.41014152449262,256.86819647218954,63.428637692236485,278.177476796677,364.8115086396695,331.29812066676413,358.740227802561,190.3833421212337,29.998124864259164,37.40221421764577,299.2082118271998,332.86784629782164,322.8484117359295,145.26416650832175,84.66769265846014
2020-05-26,3328.291024267712,2991.77001953125,213.08861878966943,259.46646819108014,67.92381555956801,283.7783565831613,360.6029112096019,337.3812731521589,359.63009405016976,186.802212047523,30.037604791907512,38.28265835510058,299.905881894248,333.88882304717924,335.97328315553074,143.07386895562902,78.45515448518435
2020-05-27,3352.171968836849,3036.1298828125,212.079405982214,258.7718711798964,66.05046603504682,286.7224122904051,355.85078355057726,336.0115116482194,366.86779054428854,186.14686811259034,30.106174691943714,38.81424607261567,304.57873637029286,340.3590667102926,344.0759687567802,144.67838759895318,81.05827929273286
2020-05-28,3350.6334001870637,3029.72998046875,211.26203855348632,256.59809067767384,64.11646264820334,283.9937666082059,350.13581331131184,338.2831098357178,363.5752333772633,187.9076567257815,30.538370832112715,39.113264955846084,306.2174687836352,346.0891593431717,344.25575450080373,147.760087276599,80.78712275725125
2020-05-29,3391.5216301047567,3044.31005859375,214.8932026460723,266.75961904693656,63.74436147874701,284.35279244725206,349.56119306795046,342.57110517534005,368.52889231114295,192.1772403398425,30.90823041128797,38.77271637628093,302.3072236431221,345.04267778105253,356.2659543074591,153.5838980845864,82.05252298768282
2020-06-01,3435.363681495381,3055.72998046875,217.41574060539932,265.7048875187082,64.96176266826986,288.51756887755164,360.1525562372285,346.9867140146943,366.763960368453,191.93232218481884,30.58408409880352,39.03020556317662,304.0757603205359,355.82647404848024,366.3103625231543,155.01862893124772,82.08265353485902
2020-06-02,3468.420570473834,3080.820068359375,217.5362695965583,275.6863388159842,64.35014542913899,292.82593372993716,361.4104695944224,354.1333556046717,374.80256137931536,190.09870860059004,30.804337199821457,38.95545084236902,304.36780134647273,359.18284603268415,367.78467878213064,155.37518719043325,81.10648632930436
2020-06-03,3496.57381155373,3122.8701171875,218.06330199685883,281.1915745903548,67.10961850215882,296.55986271823195,357.43483400247123,360.6674523959354,372.26639391737973,192.03161059886878,30.887450500766988,39.786057443114515,313.6161385322849,364.7087296767544,367.95250319588035,156.38544206844819,77.91284141422112
2020-06-04,3454.2819633772738,3112.35009765625,216.49717694117882,280.45839103709733,67.75778753671533,296.488068507189,351.42476928959536,346.3316140733436,369.225966652051,187.27881663606422,30.48850094920388,39.80266678683823,313.5350325301681,359.83369612090974,363.3857624027243,154.89127836826668,76.88243554592847
2020-06-05,3541.6013541238594,3193.929931640625,218.46804397715073,282.4006719138067,70.47954595365776,302.23256410767493,358.3821552721672,357.9363936812228,378.0506037346866,190.71431696880117,30.60694073214892,40.77447815733708,319.8952929238781,363.36873818381764,395.2810336572074,155.33273700277292,77.67783785753011
2020-06-08,3566.7513471863845,3232.389892578125,222.08073454765565,281.69321926424135,71.57874829089072,309.6286004813058,359.36051916295287,350.4409245492515,380.8240552841627,193.98435007885595,30.49681418163995,41.40573777975806,328.8028908217987,359.8592350310145,396.7673112464575,158.6012071429414,81.22699932345708
2020-06-09,3574.56139867298,3207.179931640625,228.83802671230734,283.9056059354664,69.13149618331606,302.6634115496797,370.6507204532656,356.9154597192771,380.8092547316351,192.79284870805364,30.32850768635527,40.699723436529474,323.72443206227445,359.4636035571209,392.66804996675427,160.9782622041783,80.99199576676607
2020-06-10,3575.479371608214,3190.139892578125,232.93725830041188,287.7129553508801,67.3950177306932,296.9907101602368,367.63792744155523,363.1772711042967,377.3831983912765,195.85105306740087,30.710833943615434,40.38409204106262,317.68866994992715,356.719790344657,397.34266220632446,160.80847440751543,82.73945716836054
2020-06-11,3380.5318546762323,3002.10009765625,225.0634350535177,276.85684959736244,61.75942004898599,281.83958418201314,348.53621785221566,343.2177148594349,355.16587173634133,183.9359585549718,29.270872383993563,37.825825358393104,304.23799708240125,344.71087653374934,354.4080707419048,152.40385540990863,81.29930528103829
2020-06-12,3423.1008716462843,3041.31005859375,223.924907591495,279.94389072482915,63.14168640070975,283.3475091411565,354.9811162269201,351.81920227453634,359.58560186933005,185.79603558221288,29.536838751702305,37.87565972658969,306.9313798572122,350.0580900991156,362.9422421288107,152.47177311936946,80.74493815229415
2020-06-15,3459.582372974483,3066.590087890625,226.35857931727634,279.15926499111646,64.18178693861276,286.0043606123127,361.0688111891775,356.94098241922353,357.96899228331534,187.42444637703795,29.349832239290258,38.45708498081408,307.45059691349803,357.4855143823394,368.83947058572426,156.2496066495265,82.64304309521755
2020-06-16,3516.445861910618,3124.739990234375,230.105890309737,286.3495118591335,65.07879865990797,285.4298973563063,365.9607017330776,361.8585550002501,370.70909969554657,191.02543413355866,30.016828051955727,38.84747109708854,308.7972883009035,367.74605282003586,374.7366990426378,158.03239794545416,81.751235905025
2020-06-17,3518.760416437067,3113.489990234375,232.36799456940054,288.4461389041375,63.69847831988717,281.62417415696854,365.7743512199103,359.3997557276921,372.0439330131811,189.64196169485882,29.925401518574123,38.68965698361148,309.5598481211715,373.05500916625977,370.39766247258376,160.4264486265294,83.7096019423008
2020-06-18,3544.3247052427378,3115.340087890625,233.511806317972,287.53287827889335,63.313932168271904,283.2038933271549,366.4110804021083,360.726988053084,369.611595727081,190.13181820600772,29.79865167376221,39.03020556317662,307.45059691349803,388.1650422496961,379.12361751277865,161.19899799842068,85.11360085083246
2020-06-19,3519.8813409856198,3097.739990234375,235.3621443627849,283.802701947627,63.25794398766669,280.7624792729589,370.83707096643286,358.9488373859126,365.8147561258484,189.52944155930274,29.885921590925776,38.22451614652942,302.69661167770454,376.8835611599852,381.3530704756455,156.5891822428522,85.9331020834438
2020-06-22,3546.701445738546,3117.860107421875,238.77686751526787,284.7931356570185,63.51495517718786,276.0232669785686,371.5048664663779,364.5385423509804,369.53743454874336,194.6926411009147,29.79449505754417,37.99194731224475,304.15689108028454,375.5052783505629,386.74686227030145,164.07694454768395,85.04731732486566
2020-06-23,3590.594867440872,3131.2900390625,243.22804117985595,294.2343557383343,65.20944249435682,281.48055834296696,376.1948851865659,362.03721389987487,371.24302849643755,194.50067003301714,29.684368507035202,37.90888475106256,302.7939586863502,386.8378031631401,395.1132458224493,163.73735600037972,86.39105513904492
2020-06-24,3507.0849610168675,3050.330078125,240.58759489180468,290.9800931772624,62.613273027805526,276.8849618625782,363.42935370814496,348.02468041933054,365.04354323741705,189.40366950113898,29.05269917636924,37.086585990691646,299.01349305227666,385.40847663085134,374.6527868357629,160.62170394499276,84.28204556044022
2020-06-25,3520.0223158539266,3083.760009765625,242.3631581338686,285.757838462718,62.810019557344965,276.9567560736212,366.00728936136943,354.2439626258026,363.9311934547954,191.13797447021628,29.02152931058777,37.31915482497631,296.5310453012858,388.2926686055337,380.0106214816142,161.03769505769847,84.60140913249334
2020-06-26,3439.653428363445,3009.050048828125,236.9335751858533,277.4613982590884,59.927288001607536,277.5312193296276,335.5688145500826,345.5914298108084,357.4498866657662,189.6618193776688,28.63504643710957,36.189529341000394,291.6310643101558,389.1221887724633,367.22132573152913,161.6574263448082,85.07141624587537
2020-06-29,3469.8261168948093,3053.239990234375,235.83461543042745,276.57386853753627,61.947998075742994,279.61358015286174,342.65041841032775,345.4467838683858,365.02869742326095,190.58856511173894,28.89062284955782,36.8457093160324,296.5959598121375,405.69983970467393,360.017605429389,161.06316257949896,83.02869019323747
2020-06-30,3537.1553442717736,3100.2900390625,242.73621587570756,277.44852299377794,61.91378149436092,279.90081178086496,352.6361187151548,355.6647954937244,371.5396505789738,196.06288181810842,29.221005671653923,37.11150317478994,299.30555883584543,412.71888010762336,371.2487092926146,165.54562777208642,84.1012806664872
2020-07-01,3654.373179813236,3115.860107421875,253.28390959711592,277.7700905956778,64.49751072512328,285.0708715172601,368.9113858059513,360.3696702538344,368.03945569109175,200.29272986544794,29.169059065920667,37.22778759193227,299.6138408683112,472.2610930038513,383.8701806289499,167.15863127135123,86.83696333141724
2020-07-02,3624.6534978746236,3130.010009765625,254.304550211254,287.61007098996953,64.93260097094547,281.83958418201314,362.4975537489938,356.28585651378336,368.5585613086409,202.09323384425906,29.291652294514545,37.27762512864158,297.7641734311487,442.09394591372455,385.35645821820003,167.73592532477915,87.01170579375585
2020-07-06,3675.0727586841426,3179.719970703125,268.9752548102363,308.7048978238261,66.2460449575645,289.5946737866059,373.15102585710855,354.6523517890346,370.11585553047405,204.9727190583164,29.70930186320502,37.568336171497414,305.84429699794964,423.2338870181,385.2485867717859,169.27252625864244,87.78299998979568
2020-07-07,3626.2088720640427,3145.320068359375,263.9671259357444,304.2158070356103,64.44540507518397,287.72769559650067,374.0517594985127,348.6542576607348,366.8529673609467,203.83416477464021,29.682291784210783,37.55172365926098,301.49596556089944,411.16704182098664,376.04319088786434,167.77837551243948,88.74109990050712
2020-07-08,3697.2064428988574,3169.93994140625,271.09307227011107,331.44614920925545,64.59510558521181,285.3581031452633,378.2758782391251,359.03392170709714,369.5522577320852,205.45594960816146,29.76956170137435,37.43543924211865,301.5446390652222,420.9992835299425,382.52773163491867,171.04683269862946,89.07251753034113
2020-07-09,3710.1798438661376,3152.050048828125,280.0253424088906,336.46259594812113,64.94426754842323,282.12681581001635,379.70462079894145,358.8297401075259,367.7576794227116,203.82093305313407,29.607488545132124,36.47193571199438,299.07840756312834,430.474014594774,376.37880313637214,173.6531213640279,90.84407785294533
2020-07-10,3727.283153146427,3185.0400390625,281.5536611868233,335.72945164872135,66.3875769648099,290.887161328789,380.58983312980075,350.67065481285863,370.9464064139013,203.5826206583127,29.582552018393105,37.501889291064394,299.9707964050997,448.66368562448264,370.3737032330445,168.10096843990533,92.7421919904208
2020-07-13,3634.0515266610787,3155.219970703125,273.1070513512186,323.7156711252782,65.58504648487848,291.1025987457493,371.163208061133,339.9932086243953,370.2196630754953,197.02271695649472,30.172667869155497,37.584948683733856,300.03568615831944,433.1555319610944,347.89957075531123,164.82401344379616,88.4699433650255
2020-07-14,3659.9854547514483,3197.52001953125,271.34734096880095,319.7411002762594,65.95326037729889,295.698195226138,372.29687984399624,347.6248074774439,382.3368799559704,188.9005812684839,30.735767299785252,38.0999238890125,309.44628486362893,437.6694405544287,343.33282996215513,165.7833332782101,91.01882950983602
2020-07-15,3669.6634733551396,3226.56005859375,264.7369992280521,320.55145691366414,69.96240995589069,301.29907501262227,373.15102585710855,345.4297773897847,382.35168050849796,191.945553906325,30.806413922645877,38.54014754199627,311.14993178782294,430.96563008995616,352.6221380529516,164.99381419443753,91.15741899338404
2020-07-16,3636.832354462533,3215.570068359375,263.94775021839894,311.9205738428243,67.91914987785091,302.5915899467211,374.16045606564114,340.56325020865097,382.7669559502116,189.1190359804953,31.012123622754483,38.33249589180989,309.7707831449916,422.1612868910405,347.95948714365517,164.03449436002361,90.57292131746371
2020-07-17,3655.4590183763235,3224.72998046875,260.6104654927789,317.8888677490078,67.3514650395069,302.8788215747243,375.86874809186577,351.50441365383415,386.17818910722843,191.4821810392899,31.032903533275466,38.88900079342327,310.6793882358599,410.0497400769079,353.6769298565452,166.63228521550286,90.73561891657351
2020-07-20,3737.444693919876,3251.840087890625,281.2756346795036,327.7545594200628,66.63059110917976,301.22728080157935,381.13336335875783,353.6994697055828,385.86674384135034,197.73761373875578,31.084850139008726,38.30757553919887,310.89032325968,434.2728337051732,362.9422421288107,171.403390957815,93.21822153541724
2020-07-21,3713.8664002835344,3257.300048828125,276.124078238808,331.7291302690816,66.55515705065496,305.67926146796646,375.4339144300372,354.70339718892734,389.20379318921533,197.1815784189746,31.11394011139658,39.20463218889012,313.1131624825279,419.79261264916846,352.2745278951783,169.52721443062597,92.2300002720817
2020-07-22,3721.6531855512335,3276.02001953125,272.74718284491195,323.75425766735185,66.8984904714975,305.67926146796646,372.5142966749105,359.1190060282816,393.282409058828,196.22836924189215,31.170040162778676,40.26780762392029,322.26415265969445,417.28986765358184,357.2607931437171,170.35069884611823,92.82655200578291
2020-07-23,3668.409075477216,3235.659912109375,262.77315642663893,323.9857965467227,65.92332027529332,305.1048256038757,361.2241190812551,357.81729640283606,391.26532458362726,192.9914255361535,31.086926861833142,40.10168567006864,320.5280732377065,407.3682227105875,349.0382747657797,167.92269578730182,91.27793198753675
2020-07-24,3657.2922997334595,3215.6298828125,264.7405006049117,320.2813314922196,66.15039610917891,311.28014125445077,358.28898001558355,352.5083411371787,393.4900241488706,191.09163314329246,30.77732395025802,40.276115464294875,322.42641417919174,403.83754510761736,343.9680973103661,164.1618319690261,94.01362384701886
2020-07-27,3706.7041964246228,3239.409912109375,268.8142344363764,322.6737952354314,66.20988236447945,312.7880936055098,362.6217953233245,362.1988663208986,396.619458406693,196.0363981739946,30.582004205409902,40.26780762392029,326.53137809462794,410.13910921360315,347.9475258133814,167.31993421207343,95.95391339489936
2020-07-28,3693.80659112464,3218.43994140625,263.98559945782546,320.34564893798535,65.39024596704199,310.2748579483552,357.37270136697725,354.1844010045645,393.4455319680309,196.466661435612,30.50928085972486,40.018626277399186,318.4025810235042,439.94874565960555,343.75235441753784,165.46072739676572,94.24862740370988
2020-07-29,3765.5997978843743,3258.43994140625,266.9067143964708,324.7189604730513,66.3930210512082,315.2295076597058,362.2956582286244,372.97840330914755,392.52599672292416,200.02795402761427,30.44902102155553,39.88572934802041,318.3539075191814,459.38978918710745,352.89783391311545,168.4490418431502,95.09825918349742
2020-07-30,3760.1574138600595,3246.219970703125,268.5212357838352,325.09198988233527,65.62315034329647,313.57793949464514,364.17477945747146,373.5824578506054,394.9731571923661,201.19299195540427,30.51135758254928,39.61162764888829,317.05588963609875,457.423327206379,343.4407014085693,169.2300760709821,96.14673234663327
2020-07-31,3789.9956852262026,3271.1201171875,278.44600663683866,322.8796032111102,64.62737615489092,307.3308022411114,393.9454824654706,373.65902595044463,393.7569772339089,202.80152486631783,30.286947865313305,39.237857213363,315.22243844783327,458.9875428286206,340.8516769576554,169.1282059837801,98.83421716954389
2020-08-03,3839.269368479056,3294.610107421875,273.80124764551294,331.7805920764657,64.1650654770773,307.90526549711785,391.2898928662073,372.7912281881774,394.78034265485115,206.32972805400397,30.61733068740941,38.45708498081408,315.4171324651245,493.4227907644906,345.2985483951319,172.16745547376559,101.045663252906
2020-08-04,3844.6104565646942,3306.510009765625,276.17159385606766,337.2601165740731,65.13284557518024,310.2748579483552,387.98202907754387,370.7493083361072,397.28684111928885,205.62806299324905,30.59031743784597,38.78102104814279,323.4648235341315,480.75259307831857,342.2061238609521,171.36095372413317,106.96896840130486
2020-08-05,3927.125450546105,3327.77001953125,281.9962309257021,340.745898387587,67.06296168498781,303.6686948557753,386.87939991577025,372.17014120402894,396.70844276837244,205.83326578265275,30.83550389503373,39.22124470112656,323.3025620146342,539.4779700193112,362.04327682970137,171.1147504080903,106.06510715333143
2020-08-06,3940.5182711569328,3349.159912109375,283.7532991648454,341.73631247004965,68.1135611933468,307.83344389415925,411.97562921078355,375.25000149664595,399.5115406845322,206.68056058438142,30.658887337882177,39.43720102317479,329.6628224083442,509.3555245462037,357.97997269880284,171.7090141733995,106.86050027038097
2020-08-07,3929.1909549226407,3351.280029296875,278.6906089576955,324.2687776065489,68.21815220282598,307.4026238440701,416.8830647618858,375.8115268595563,402.8782816607093,204.82708931734265,30.877063716075696,39.702994881932334,331.96681714857266,517.891692140347,355.58273190117797,168.76314991467538,105.4263800092252
2020-08-10,3899.8489357763874,3360.469970703125,276.9924841424945,319.1622825182254,68.76639116325039,308.91054880321343,408.43482728066095,372.01700500435055,407.4611573337151,201.35185341788417,30.758623933130654,39.636548001499314,331.18799156414394,516.8637936303068,346.92869115859247,166.08895649379463,105.2877813311251
2020-08-11,3862.6147294029224,3333.68994140625,271.05434231625975,319.5352923005806,70.18637217105156,308.6951387781689,397.76583386200144,365.346804456099,407.74295623290953,198.0553568648171,30.538370832112715,39.81097462721281,332.615813711298,516.1934057643908,342.19412595168666,162.18377240065658,100.69616913367668
2020-08-12,3913.0183123995453,3380.35009765625,278.2313271255852,328.24334845556774,70.30185135332731,311.2083470434078,403.60506937225483,367.28660754429416,417.6205824723567,201.72916959237546,31.097316817093635,40.22627792758556,334.27078713116924,518.0704645110808,344.84310336993616,164.98531638451834,101.2987432989923
2020-08-13,3944.8175795758693,3373.429931640625,278.1239873699585,326.35252938624245,69.71473012980373,311.567372882454,405.7947352952852,369.9240397523875,417.7392584623483,203.02658533853153,30.7523905940882,40.18474823125083,335.0333717090691,524.863678209592,361.8395318461386,166.69171806902304,103.2089022996966
2020-08-14,3948.9080866910604,3372.85009765625,276.98017562138705,326.6740969881423,69.16649116937933,314.2960185646532,405.7015600387016,365.5595022770155,416.09295724802143,202.2521155078405,30.802260476997038,40.242890439822,335.90951954451157,530.9418024251679,363.2658930470447,166.53041512830086,104.49238821407556
2020-08-17,3951.4628401010164,3381.989990234375,280.0059881723847,330.5200329456297,68.15749834050366,312.57265618854956,405.57734216102824,369.71985815281624,427.4982539734324,203.88713206286786,30.958100294196807,40.04354346149748,338.57044506389667,509.95887703526233,358.44741563326403,169.9686730651322,105.5770235505541
2020-08-18,3961.632049823309,3389.780029296875,291.4511513734978,333.40130535127525,69.1680479787417,312.6444777915082,407.4098520649262,365.95937521890215,422.692917396228,204.4762567869652,31.18666345708162,40.21797008721098,341.2476115898107,514.8973316495783,350.3687258505455,169.86679002395167,106.64357320308527
2020-08-19,3941.785811077607,3374.85009765625,286.87502366478714,335.1892008058323,68.72323242077469,311.0647312294062,407.79809809846296,362.8624824835946,419.51899095756585,205.56846974371754,31.24900001807537,39.34583379013075,339.9333527001991,510.15998316583415,351.1957768520454,168.27925404648735,104.02238110069354
2020-08-20,3968.0891797686195,3385.510009765625,290.12082149442665,331.8191786185394,68.77066764262689,310.70570539036004,417.7682770927451,364.5725812722721,416.28577178553644,211.86361780880338,31.463019780050853,39.32922127789431,340.5337005162336,505.37793306507075,351.71117484457676,182.6605019368631,105.10700724262
2020-08-21,3962.8723779688144,3397.159912109375,289.0077917890437,341.89065863834435,69.18593230092891,309.2695746422596,414.66230882445115,358.69361038644854,420.06778820342714,213.3000575357309,31.741452825844505,39.27107906932314,343.27575679536733,503.00925882319865,344.25575450080373,180.91166301867662,104.32969061496576
2020-08-24,3999.9596349363665,3431.280029296875,291.008581634619,355.03634377416324,71.32717644139782,314.51142858969774,421.46438691494535,357.8938645026753,425.28840022234516,220.50867921117768,31.61470298103259,39.844199651685685,344.97937896192946,500.1042674691252,340.9235912552648,181.48045926218535,103.97417406412202
2020-08-25,4039.8439520840507,3443.6201171875,294.4426590236078,367.8733365733928,72.0799412318035,311.7109886964556,436.10901592555604,360.24205675410235,424.3688649772385,222.69312532578394,31.596002963905224,39.79436211497637,345.02805246625223,501.8025538450814,344.32766879841313,183.51793873009652,104.25738465738455
2020-08-26,4130.064357872663,3478.72998046875,302.8329675785446,375.5394972116043,72.59201759914288,317.38369008589854,471.9674138958125,361.9096004001429,432.9710185248612,226.61185620836596,31.64587284681406,40.00201376516275,346.82904639909185,502.91985558916014,354.59985439519374,186.57417088594184,105.68548248692592
2020-08-27,4085.7179043409956,3484.550048828125,299.1507650109998,365.5194789991835,73.62356517829286,319.82510414009454,455.3660097103159,361.5948117794407,428.07669758597734,228.37264482155712,31.787166092535305,40.06015597373391,344.28170889488126,498.4506486128451,351.1957768520454,184.36689066738927,104.04648002170325
2020-08-28,4107.535419158483,3508.010009765625,299.3091432415853,371.7321477961906,75.6357222936753,319.9687199540962,456.0493265208057,361.99468472132736,424.6061716955932,229.10739928662818,31.924305892607713,41.38912843603435,348.6949548427832,498.3165778591305,359.39433599044355,186.33646537981815,103.076335247763
2020-08-31,4102.145448434307,3500.31005859375,303.6345036284656,369.19819352306575,74.28261763927591,321.7638765412427,455.3349670892262,358.00447152380616,422.7522553912238,228.6308148991885,31.87651590309249,41.139943921000516,346.4396583645094,499.12103647876097,358.93885438625614,187.87306631368148,103.1546728315107
2020-09-01,4168.813455050422,3526.64990234375,307.87189997706463,383.3085814645841,74.99844143191538,323.48721152543067,458.8136363838548,378.35538448920937,424.0870660780441,229.81569030868692,31.483799690571836,40.79939534143537,345.0929669771039,506.8527795506171,368.5997318743651,191.30282644059363,103.94404351694584
2020-09-02,4220.772821446115,3580.840087890625,310.71645720327183,380.8260889988433,75.77103180984123,324.3488790175246,469.7777005794675,383.72387541201533,425.95582819656954,234.44933817463158,31.96378582025606,42.518750751497535,350.83666330588244,525.0871181000017,365.9387931258418,194.7156168556245,104.14289409484624
2020-09-03,4032.5305199246077,3455.06005859375,296.33522839913155,363.3713901467953,75.64349684774713,319.1070250700865,452.1047335499443,356.77081377685454,407.3128349770398,224.8179781908587,31.074460183748233,41.929020825411286,346.89396090994353,494.02614325354926,340.40819326273345,182.3463809113594,100.38885961940446
2020-09-04,3951.4451318027604,3426.9599609375,289.8788613168442,361.9436488362118,74.56607085610733,319.0352308590435,439.07522130897456,356.84738187669376,399.94166194040184,220.50205324987385,30.87498382268208,42.39416166249335,343.53534056587836,473.4677979819686,324.52647297846863,177.4139722283251,97.44227231879313
2020-09-08,3855.446348641433,3331.840087890625,277.1403152808221,347.3187213285676,73.54968792913041,314.5832501926564,421.10718350249823,345.693520610594,399.3484177753294,212.36670604145843,30.598627499712848,41.37251592379791,346.537005373155,456.12725309156644,326.6360565856558,168.93295066531678,94.13413684117158
2020-09-09,3942.4993472747456,3398.9599609375,287.5903571052765,351.34475398497057,72.7514339285755,320.2559241901837,425.0828190944494,357.07711214030087,410.88719104325946,217.2585037839329,31.105626878960507,41.68814415075204,349.99297272586585,471.7694775086692,335.81749323003817,174.31530283879795,95.56223467071295
2020-09-10,3886.419556906716,3339.18994140625,279.363711067474,344.14163185164307,70.63312899435151,316.09117515179975,416.3395108362714,351.6915887748043,404.4503990658843,212.0820725208148,30.525904154027806,41.53033003727498,352.4754204768567,471.3225636305063,330.2079219635622,172.5749487765521,92.98924960489272
2020-09-11,3871.9500380906807,3340.969970703125,274.182231817175,349.36388656618755,69.35584760081753,320.75856584323145,414.0410772561406,355.1117863521593,409.83413399400513,208.51415396750866,30.706677327397397,42.41077417472979,353.70852384908767,463.2333099145259,318.22171797543785,169.9941405869327,92.5132108653442
2020-09-14,3931.8036716755682,3383.5400390625,273.01642368882335,352.5667265737329,69.38889657517782,325.06695808753267,413.3267178245611,361.27150693739327,416.2412796046967,210.70520584231724,30.82511711034244,42.12005996336123,357.8621612688467,483.8363568031258,326.7918830901401,174.49357549140146,94.29080281411488
2020-09-15,4010.8093850903188,3401.199951171875,277.6937261521872,357.53171150521445,69.48260415823044,333.61189358126074,423.06395867738416,370.70677915755965,423.5531146463388,213.4589189982108,30.93732038367583,42.4024663343552,360.7989115652717,495.99260523427773,335.7215831138978,179.08640858111008,96.7673830013442
2020-09-16,3964.5747961831266,3385.489990234375,270.82823499832364,357.7632700115142,70.24703077974388,336.12512923841535,409.2423619688241,366.9037410810086,417.6947662815086,207.4417986935663,30.83550389503373,42.186510012306975,364.75785496773943,484.01512917385963,336.2729382552339,175.61419826653758,94.64632855951069
2020-09-17,3923.7964843409677,3357.010009765625,264.724669226105,354.65047835342654,69.49076791464286,327.29296211668407,395.731428437734,377.1217527063472,415.2179141837545,203.37081210870667,30.579927482585482,41.987163033982455,361.13965085316323,480.7078914612993,334.3311790617964,171.36943858007382,96.08044882066648
2020-09-18,3879.9235722635162,3319.469970703125,259.989282572384,350.3929264445816,67.35496786057224,324.995136484574,392.1750815004093,371.804307183434,408.14338586046705,198.67096523302823,30.997577051275957,41.904103641313,357.39164247451555,484.5067446690417,328.062417786562,168.03305073044447,95.50198277091263
2020-09-21,3850.581700839912,3281.06005859375,260.47848721409764,352.20657242975943,64.24866329201454,320.8303874461901,385.3730034099151,360.9396858740006,403.93129344833517,203.68192927346416,30.149811235810095,40.77447815733708,351.1287290894512,477.5347585997968,328.80555658118703,171.47130866727582,99.0270361212778
2020-09-22,3909.6774458095365,3315.570068359375,275.3058086148159,354.09739149908467,65.08890842802337,331.67312118011256,395.62270817394824,364.4194191085042,405.35508849683487,210.0233984643723,29.96488144622247,41.247923666281,351.1287290894512,476.0152445945744,335.70958520463233,173.8653593483511,100.15987849432786
2020-09-23,3818.209782401363,3236.919921875,263.9442488415394,351.0875234557653,63.70742048098079,325.71321555458206,386.72411572034997,355.1373090521057,395.3290946390839,201.84831568923536,30.01267143573769,40.04354346149748,348.7923018514288,459.8367030652703,330.2558770216324,167.97363083090283,97.80381130125124
2020-09-24,3820.2568343150747,3246.590087890625,265.6977942229835,346.9457311731413,64.17789491520683,328.15462960877807,387.5161290979683,348.82442630310385,394.06846776141555,204.27105399756147,30.06046142525291,40.45054209000837,350.6581855374882,462.25007892416164,327.7148076287887,171.07230022042995,98.39433140878599
2020-09-25,3893.5280648578646,3298.4599609375,272.3266094858134,348.69504008562467,64.45785005734291,331.38591694402504,395.731428437734,357.50250778213393,398.295360726075,210.830977900481,30.26617112536152,40.46715460224481,354.0005648750245,472.6186377453189,340.0486217746864,177.00647892553854,99.89474439046064
2020-09-28,3962.3517115213645,3351.60009765625,279.27044126180436,355.0235077627105,66.11540112311566,335.7660760074535,398.837396706028,363.7302802458618,403.90160182002296,215.49771517074177,30.567460804500573,40.932292270814145,357.3754014679867,485.31116919132893,348.5947544918661,180.5211394277714,100.90707376935798
2020-09-29,3974.671302770677,3335.469970703125,276.7038890620773,356.2068545555415,65.049247760243,331.7449427830712,406.5557297484712,363.4665370250525,403.5753107399888,214.23340903000337,30.55707084924008,40.63327338758373,354.8118229572472,487.6798775305443,364.17681967642784,180.24948154390657,99.0270361212778
2020-09-30,4027.2555931152297,3363.0,277.04264190302854,378.13778855742373,66.51511192690401,332.1757628331603,406.7265352544363,361.9096004001429,411.88086483588955,215.93460439366302,30.93524366085141,41.00704699162175,356.1260818468587,494.5177587487314,373.13051551871644,181.65873191478883,99.55730432901223
2020-10-01,4090.939102620511,3380.800048828125,283.42423418256686,373.0827160226268,67.77100617718544,333.4682777672591,414.0721672705449,371.78727474074344,411.74738829337036,219.9923592570165,30.611097348366954,40.84923287814468,356.2883186087241,519.3665386258933,384.08592352177817,184.29897295792844,100.09359496836106
2020-10-02,4043.2129236017327,3348.419921875,274.95474725275716,370.6645606295806,66.51627478755577,324.2052905954387,403.68269962163635,369.00519659022746,414.2538867578081,213.0749970635172,30.386687631130982,40.99874231975989,361.2856713661317,500.28303983985904,397.37861935512916,180.02026089372353,96.50224889747699
2020-10-05,4110.9099631352465,3408.60009765625,281.48326847535867,370.7931562672544,66.36385935388381,328.94450288982904,410.9972416233406,372.0935731041898,418.3918406224166,219.34364128338768,30.80018058360342,41.01535483199633,366.802241179825,509.71306928767126,410.97097028818325,183.91694717694241,99.28011616736413
2020-10-06,4064.2817972771277,3360.969970703125,272.7515864170359,376.0926233198038,66.4773925244566,319.6096667231343,401.69488182566073,370.800353736,410.0417943456762,215.3851950351857,30.390841076779818,40.64988589982016,363.5896413487282,510.4281246732632,406.66792744592556,181.96435513037338,97.73752777528445
2020-10-07,4131.730269166388,3419.43994140625,281.17443844401083,381.3791758531852,68.38806750271459,322.84095405838127,400.85625712309326,379.8272627570239,419.4152060433588,221.69357482177767,30.72745723791838,41.16486427361154,367.46745399144737,511.72419878807574,421.71059881942506,186.37041775755932,96.9903416948064
2020-10-08,4148.931208764049,3446.830078125,280.72220232729893,386.5757192909664,69.55298333269755,325.2823681125772,409.6151103884734,373.65902595044463,421.98099724116383,221.7465219089038,30.93732038367583,41.91240831317485,366.3641548832878,507.0315178240076,430.9399905218775,185.94594178891293,96.6649464965868
2020-10-09,4170.640176412344,3477.139892578125,289.1775978263119,385.54667941257236,70.68367783492843,322.05108077733024,410.68667323249997,376.3049743798833,424.0574197113604,226.2610236779885,31.36951652384483,42.20312252454341,364.7903122231653,502.2494677232442,438.6950659653537,189.16347688548043,97.40008771383603
2020-10-12,4231.765022429044,3534.219970703125,302.92797733222415,394.0360719534991,71.73777541798275,330.23701782392783,428.2353749910352,378.1937320681856,425.5257069406999,232.298001665443,31.55028969721442,42.43569135882808,366.8671309330448,492.95354312648976,439.7019027108771,194.35056078651976,100.71424562307199
2020-10-13,4246.200580233986,3511.929931640625,302.98956289944084,397.17457488835,69.24814297261359,329.51893875391977,428.8410615521436,374.49281075550965,430.64248878378237,231.41099149809435,30.82719383316686,41.71306450336306,368.87905988970454,496.7970638539082,448.0203312049548,193.7138468335502,101.93144801148414
2020-10-14,4198.263991221125,3488.669921875,295.9577670851686,387.21885449476605,67.36740809636117,325.13875229857564,422.13215871823303,372.4168779462372,425.7926600257382,228.571221649657,30.77317050460918,41.630001942180876,369.31712142860977,490.5848347872744,447.01349445943134,192.55078682473226,101.79888095955053
2020-10-15,4194.835476567728,3483.340087890625,293.7528448205978,385.18652526859887,66.18188827417686,323.9180589674355,414.2119301554204,371.804307183434,426.46008799996264,226.3669380533423,30.58408409880352,41.52202536541312,372.59461101292635,496.8417313735842,450.573398507064,193.5865092245477,101.25053626242081
2020-10-16,4210.061664566594,3483.81005859375,287.95108484516834,395.28375581902475,64.8505599653706,327.1493463026825,412.98505941931614,372.1361022827373,426.63805672332154,225.82413445506725,30.77317050460918,41.55524722137327,372.1565247163892,501.48971072063307,457.6332536349936,192.27063113094823,101.36502682495912
2020-10-19,4166.413171475021,3426.919921875,282.18803334275054,392.68550372706295,64.27315930762182,318.3171791809512,405.95004318736284,367.9076685643531,420.8093547251749,221.93186701549752,29.98773807956787,41.21469864180812,366.68865316465053,505.02038832360313,459.215441340384,190.47934202510137,99.74410084913174
2020-10-20,4202.072319672044,3443.1201171875,283.0502957263031,398.49943183802293,64.99986652668785,317.88633173894635,415.5164311409061,369.9325559737328,424.2353884347193,221.428798983944,30.035528069083092,41.73798168746135,369.0412966515699,513.3331160273367,461.0852862362121,192.20271342148737,99.0872972156302
2020-10-21,4217.005564585908,3435.56005859375,280.2285941134613,396.13269899850314,66.17877940182211,319.6814883260929,432.8632847723865,367.34614320144277,421.9661966886363,220.29024470026783,29.90669833087756,41.52202536541312,370.24196752600693,527.6345647126076,450.765182160353,193.0941155464405,99.15358074159701
2020-10-22,4211.5518685935085,3453.489990234375,279.47719434323466,393.9588988693518,69.67779387840751,323.9180589674355,431.91593980603324,368.4436712273171,416.99769194060053,219.64815268794288,30.14565461959206,42.095142779262936,371.7995691796006,521.6458437310702,452.27541898914234,191.1585061657313,98.39433140878599
2020-10-23,4267.308333219994,3465.389892578125,281.94078887861934,398.6409419948648,70.90375277305338,323.55903312838933,442.2743648338522,370.6046883577741,419.7266513092369,221.36922593551404,30.178901208197953,41.96224584988416,371.08568286365545,537.6456128896405,465.84381068265714,192.49136692519062,99.08126558946371
2020-10-26,4178.213784287655,3400.969970703125,282.1730826783687,394.71779369937246,68.01635553559885,314.2960185646532,430.3474106646841,353.58034646310665,409.40405799976395,217.17907305269296,29.91501156331363,41.36420808342333,363.881707132297,532.9976335425916,453.5819474133605,187.30427007017275,99.45486782425482
2020-10-27,4233.357071267349,3390.679931640625,289.14945792639776,407.9278159078859,66.01080536726647,311.92639872150016,439.9448886326317,345.28513144736206,410.590546329909,218.62211853982276,29.74462517463533,41.44727064460552,361.7724311669916,562.1368480253349,458.71204125711813,189.23987945088194,100.8468126750056
2020-10-28,4072.6522676111576,3271.030029296875,278.27884274284486,396.0941124564295,62.40797828588307,301.4426908266239,415.6872840401859,331.9362141295137,400.0306463020813,210.83760386178483,28.749329603836575,39.8358918113111,348.33799930599463,529.6903958300313,445.34739454716606,184.9187171990167,99.057166668454
2020-10-29,4137.947599018741,3310.110107421875,282.5223826115778,402.0366754589209,63.38819861977494,309.19778043121664,436.1245135394435,334.726808501375,399.89716975956213,215.53743053636174,28.506219869473234,39.88572934802041,348.75984459600295,545.7795682226401,447.1932802034549,186.31099785801766,98.08099946289936
2020-10-30,4018.195543793111,3269.9599609375,267.1372252865309,391.9137336317319,63.08647187841572,303.3096690167291,408.60563278662613,333.04225837673334,395.5664013574386,208.3023252168011,28.48959657517029,39.91895437249329,345.5959430268609,521.9139852384992,436.4056966141429,181.55686182758683,93.35078858735085
2020-11-02,4027.296565953142,3310.239990234375,264.3507307698412,399.8242887876959,62.37220489513862,297.27794178824,405.88791055186886,332.53177841371576,401.5434257122605,209.454131423085,28.817899503872777,40.38409204106262,344.88203195328384,531.7462610447983,432.22252312756484,183.1868479927115,92.81449794800201
2020-11-03,4079.0142128207713,3369.159912109375,268.2159286101865,367.32024971905093,64.9170471164318,306.03828730701264,412.00667183187323,342.62215057523287,411.37660503249646,214.95493177356826,28.77841957622443,40.99043447938531,351.7615094032796,543.5896322541587,442.45875157554076,188.24660723872685,95.73698632760365
2020-11-04,4281.026719059067,3443.43994140625,285.1751374207366,380.3630112401016,66.61775692468022,313.7933769116054,446.29658805409514,375.75196523831823,419.3113758675233,227.04874543128722,28.965426088636477,40.8409250377701,348.6300403319315,575.1422566931365,476.36769632107075,198.06897441713514,98.65344308103879
2020-11-05,4319.339381586308,3510.449951171875,292.28789451957095,370.1243097866915,68.75589693916442,318.4607676030371,457.6333532760424,378.26180991076905,423.9535895355249,232.31785934825297,29.040229327715135,41.06518920019291,350.9664675699539,603.2088710488202,447.39706176600936,204.22387596250758,101.64220579205514
2020-11-06,4344.782276743262,3509.43994140625,291.352618762119,385.8168244609457,69.35623680315811,319.7532825371359,455.661080487269,377.6237164480194,421.5657217994502,233.17840607258933,29.557618662223287,41.073497040567496,351.3720966110653,592.4380658691762,465.20854333444623,205.25959836232303,105.5649694927732
2020-11-09,4323.054077740473,3550.5,276.6035950218489,373.7001399496632,82.36196460749244,338.7819533176559,432.9253700145659,366.26564761825904,400.4014295629552,238.39457290242896,30.353441042525088,43.66498874770989,345.9528985636494,613.2645867455291,485.5011779073829,198.47646771992166,96.40584401888607
2020-11-10,4202.505781547586,3545.530029296875,267.0378119607273,342.842525432591,78.05380795755555,343.01852395899846,423.07945629127164,368.299051248984,408.7069836588559,226.55890912123985,30.81057053886391,44.83614392802054,346.1151600831467,590.9185518639538,452.694943444525,186.20062996089646,93.33271209795554
2020-11-11,4284.48056862104,3572.659912109375,276.04487838309547,341.697725927976,77.76530460303645,342.3004448889904,429.3690704705558,401.3863107694323,411.9402028308853,233.27106852533544,30.710833943615434,44.50390318882997,353.74098110451354,596.2369190769185,457.22572708887634,190.92928551554826,97.35791230343102
2020-11-12,4244.704365460494,3537.010009765625,273.65960298899853,339.9741282922559,76.32277359133097,344.52644891814185,427.1948547680983,392.8273525328785,409.70065745148594,231.35804441096823,30.814727155081947,44.03045451137333,345.7095310420354,586.6280831610292,455.4517923091886,189.96148082519366,96.54443350243409
2020-11-13,4279.421949400413,3585.14990234375,275.28997723600924,335.5107684077321,79.82023600492401,351.85069108072975,430.09897490933747,402.6369749949851,411.08000558077447,236.28295175886035,31.147183529433274,44.39592344354949,346.050245572295,588.147665360938,457.53738009784496,192.05839314662504,97.51457827637434
2020-11-16,4303.9362920570675,3626.909912109375,275.4879446540312,332.2565058466602,82.02641523346175,355.7282358830262,433.22044079151897,402.6369749949851,414.6395158328381,236.35575652879646,31.344583167675008,44.72816418274006,351.64792138810515,602.5831847999235,454.6726597867672,188.75597062871537,97.85201833782276
2020-11-17,4276.052860343203,3609.530029296875,275.8926651534835,330.3142249699509,80.92371007516346,357.45157086721406,427.07063689042496,406.6952400710002,404.10926217169407,237.47445312966266,31.032903533275466,44.586962581499435,350.4797077690939,587.0303636168593,457.4654658002355,187.78816593836078,97.73752777528445
