Date,total,SP500,ACN,ADBE,AMZN,FICO,HD,KO,LOGI,MCD,MSFT,MTCH,NVDA,PAYC,SNPS,TTWO
2020-01-02,3258.4690891748046,3257.85009765625,40.234448706054685,287.8962131298828,325.7524312646484,325.7524312646484,119.17215657226564,25.96506527832031,286.2347095800781,325.7524312646484,100.8630390234375,287.86363462890625,325.7524312646484,325.785009765625,233.84848000976564,247.59660742187498
2020-01-03,3238.4127664998737,3234.85009765625,40.16744090639386,285.64077345887125,321.7981061017539,324.90172506011066,118.77610366271551,25.823410457719763,283.47264309363743,324.6005738494273,99.60711769247433,286.31877014913687,320.5384421686498,326.87575871802335,232.0316397745034,247.8602614064563
2020-01-06,3264.1775740460507,3246.280029296875,39.90514438581369,287.27639544178965,326.5882607605459,326.6711825424922,119.3349172481292,25.813966682932005,283.292515293981,328.25087015329234,99.86458386498242,286.6909163004379,321.8826617545497,333.3243423162729,232.3917360355799,252.8900812652517
2020-01-07,3277.5781192845216,3237.179931640625,39.04359299663577,287.0009413469455,327.27133846161723,330.4908450931889,118.55367262666554,25.615652816036626,284.0731072681025,328.7375812781723,98.954042816418,288.50639418135574,325.7795725663982,335.00240355881203,233.99581028054453,254.55316399362863
2020-01-08,3309.7398849857454,3253.050048828125,39.120177095171265,290.8575613872999,324.7157889922582,332.9068475986969,120.3277399863581,25.662869888759563,285.93448894552864,334.0589001318386,100.53022063728581,291.9006008777021,326.39060407113556,339.35340145913983,238.7424973940579,259.2381865205134
2020-01-09,3344.775158784823,3274.699951171875,39.46862524900765,293.07858571598945,326.2741883210673,341.5670564916258,122.17234718222548,26.13032683406646,287.9760213279775,338.0174476399661,101.78614196824897,293.3890649692562,329.97522416445344,341.9544238193192,243.3418792122578,259.64382588936127
2020-01-10,3343.048418921692,3265.35009765625,39.75772547372908,292.5276249837939,323.20375363573686,343.6938220029702,121.64609235466598,26.220039992726385,285.2739898063002,336.26530244349215,101.31517146913778,299.0159979313462,331.7403825500871,342.3019973981008,242.9981668565264,257.08835202307876
2020-01-13,3391.391919947859,3288.1298828125,40.127233889489645,297.53781577327595,324.6008113691604,347.87079258262963,121.16866324636,26.50334783271161,288.1561720330001,335.03229762644224,102.53341669327915,305.6916105476083,342.1411987217835,354.1084156422017,245.40422827304243,260.51591571687476
2020-01-14,3353.4342956415812,3283.14990234375,39.771125865107386,296.67695933266066,320.8489959921375,342.6389286555281,120.88112297295349,26.4419641971991,283.71282876342343,336.3464250901648,101.81126576074307,305.1390855906208,335.75949137546274,343.41674216903004,242.5562259951206,257.4331338814297
2020-01-15,3360.2712212690008,3289.2900390625,39.68114137519359,295.22210984632045,319.5755266331042,343.57471067281824,121.84682583049833,26.77248910990726,282.2717376500735,340.3211872255644,102.47061679396326,309.7060106154356,333.43764624424426,346.5091667032098,242.09792620383513,256.7841263648328
2020-01-16,3392.951914044451,3316.81005859375,40.01044569543458,297.32260166312216,322.3078374373896,346.95201534329277,124.14173397563579,26.829149957417957,281.97151701552406,342.0733324220384,104.34822263324415,312.3446871113144,337.9998711643298,352.7659666481704,245.01141415220656,258.8731188253302
2020-01-17,3403.5379393077446,3329.6201171875,40.052566219282944,301.0759231340032,320.03891494718516,344.5104926901084,125.81814989682131,26.885810804928656,279.62976399852585,343.9065755100289,104.93223103474007,310.8900270985945,338.4751132861142,355.0792952389204,248.56325002240175,263.67982542608945
2020-01-21,3419.293202466954,3320.7900390625,40.04299284179293,301.2997542153644,324.7209428725938,346.68829849680554,126.38237752434958,26.994411513164106,286.9552665894362,342.5762581741904,104.5554508026834,307.2703092346244,336.6556515784299,359.3224216928341,251.3785344405642,264.45053249012057
2020-01-22,3431.881826114798,3321.75,40.092773236187156,301.35140350010096,323.9417432081893,349.6147299173348,126.35524936531368,27.20217095606311,291.57873765866924,343.03051528937,104.05308035391425,306.52607718884735,339.60209886526064,363.51759308867764,251.13300063957635,263.8826528472933
2020-01-23,3456.271908056132,3325.5400390625,40.335920080402644,302.8148699576485,323.4474525628275,353.11111995646826,126.76214691579668,27.306050677512612,291.0983663190972,346.2427691053275,104.69360291564288,304.3271851303505,343.33607899240644,377.3856398818956,253.63731553723227,261.7733900235233
2020-01-24,3419.2107489914188,3295.469970703125,39.9319510113396,302.47912333560674,319.5103070010518,348.1940391326998,125.86697561607482,27.23522326721234,288.99679897188497,342.70604945783543,103.63862401503577,296.9749787543921,340.1044822887949,377.33768482382544,252.14782872782172,254.08668258784348
2020-01-27,3359.5353923491916,3243.6298828125,39.54520934754314,298.63109399520613,313.79507272347666,343.4726300821126,125.42752758608948,27.140787320550597,281.01079724174616,339.6235621703668,101.90545602779757,292.4869600419363,326.14618732553043,374.60483177769277,246.1408047005406,249.60447200860278
2020-01-28,3406.9497117686747,3276.239990234375,40.25168195409058,305.28552373881394,318.07034216629734,347.8877973605829,126.87608187240673,26.918863116077887,281.3110178762956,341.3270387298684,103.90237592662704,292.1937804598192,336.6963842496056,381.86846846817684,248.87424451837379,255.4861113316391
2020-01-29,3402.210905306528,3273.39990234375,39.81516281728454,302.72877905933626,318.8855770915853,348.23659001982253,126.96288866998088,26.918863116077887,279.68982186865543,347.8975770278567,105.52250601148052,284.5371264754657,333.3968928545176,386.01568480595023,246.23900823074956,255.36442725776462
2020-01-30,3418.6042294805884,3283.659912109375,39.89365750137953,307.10191821831046,321.0618344894134,348.695978639491,126.29557072677542,27.792393371179163,276.2071983728567,350.7204569928791,108.49904301535418,282.96969581472774,333.76350761364984,390.29476840866863,246.8609972226936,258.4472090932097
2020-01-31,3373.264238950216,3225.52001953125,39.2886591905647,302.2811431678676,344.75340531380965,342.30716673573477,123.75111166490396,27.575191954708263,267.98103387829804,347.1350687084146,106.89774140199228,274.6815503042028,321.0272342227582,381.3530704756455,241.44319437666627,252.7886675546498
2020-02-03,3419.789022001936,3248.919921875,39.78452917787034,308.18660574028695,343.9776415696289,353.74914960987155,125.6174081426371,27.660184126582244,270.20269406040325,349.0981030800502,109.50378391289244,279.82359659538616,326.3227093796591,387.7177418670202,245.94437266465718,252.2005020749902
2020-02-04,3496.065724275549,3297.590087890625,40.69011459784076,315.71048262446374,351.78158013152523,358.64071028596356,127.49456581800682,27.7829495963914,273.3850740162864,348.18958884969095,113.10827200032834,286.44280882343304,335.5558280195842,404.8220417896367,255.02857384096836,257.4331338814297
2020-02-05,3441.1497706655914,3334.68994140625,40.630763747341156,314.68606135843123,350.099634329792,349.4786138092296,129.18183465847707,27.78767058317735,275.18644363431537,347.7840003714837,112.97011988736885,268.9757110297539,340.484667698802,386.55507861701244,252.40972145868926,244.919449481718
2020-02-06,3435.993138523622,3345.780029296875,41.00218859143051,316.3303003125569,351.8777020948584,351.95417197981357,129.57787928967534,27.853777006691676,275.0062929292928,345.3504695022404,115.31242006859708,275.65132364601607,345.22343539156714,348.4509258966473,253.32632104126023,259.07593077297423
2020-02-07,3399.8989822062754,3327.7099609375,40.50823211106902,315.15093119231454,356.8635156498075,355.2549162072589,128.74238662849172,27.94821115213755,270.92322816439514,343.3063124839322,115.47568639213132,271.3888462295965,341.61165327794845,351.8310442002564,252.5242839187779,228.36973459815866
2020-02-10,3440.149686842572,3352.090087890625,40.693944533113694,318.5168830276709,366.2395553199419,357.05840920704003,130.53815982675374,28.212631442547252,271.76385510328004,345.9020886465209,118.49617565999064,266.5174434679741,357.0635485794916,357.17688093684217,256.8454140762306,225.1246970151744
2020-02-11,3445.08223190806,3357.75,40.61544692763406,317.8970653395777,369.1383825506816,350.2782797184145,131.0969651338156,28.137083045461033,274.82616512963637,349.9904026831373,115.82106667453006,263.3149438604172,363.74399671201905,353.30536045923265,258.97324880746487,227.9438248660382
2020-02-12,3470.3830187545823,3379.449951171875,40.58672971654865,322.2099645138617,370.71735549936716,349.27445262781833,131.06983697477966,28.05209087358705,275.3665714339718,352.79709277604377,115.9906187371475,266.686584375795,370.0578093668633,355.22312383413924,261.10108353869913,231.2497044859597
2020-02-13,3468.7023179785965,3373.93994140625,40.665224400643645,322.6834250476986,368.978779866141,355.6717539398046,131.48758744454742,28.14652682024879,264.4984103824993,352.73218475664316,115.36265807166592,265.57023630712945,367.6680488256174,363.5295909979431,264.1291339471592,227.578757170855
2020-02-14,3525.2357654033535,3380.159912109375,40.65948095842656,326.84137636777274,366.4043537862843,361.1928288995768,132.93614173086468,28.307067389208992,264.19818974794987,352.19680499479085,116.39251317977894,268.3216533226138,393.48004834623214,376.8822032196381,267.3700002968478,230.05310316336792
2020-02-18,3538.7818868297154,3370.2900390625,40.92560449289502,326.13546778136725,369.97419109584604,366.2715459791268,132.3447859443005,28.10875172109775,258.7340917398319,350.6717883559067,117.57307271517917,267.28424169471975,402.68600496585657,381.3530704756455,266.66616670457444,230.05310316336792
2020-02-19,3580.2584747488313,3386.14990234375,41.339149860832734,329.94905550819226,372.47139277360026,367.31792395684573,132.18202526843692,28.222075217335014,258.4338711052825,349.82818214494813,117.60447266483712,266.3483025601532,427.30312421584836,388.9283601750981,270.0543383495765,230.2762009478443
2020-02-20,3519.7758313325035,3373.22998046875,40.95240819703628,326.2301493796332,369.53313626321955,357.3986864965565,134.01577954501957,28.198466680973542,256.87268715703954,348.93588254186096,115.80850477828302,263.3713442486325,419.15625848389396,371.9678522687087,253.8337225976502,233.50095269399623
2020-02-21,3444.9212896472786,3337.75,40.56758296156862,321.05642003598757,359.72798367830956,348.3471859802513,133.10432472719467,28.392059561082974,254.95124760948374,350.2175312407271,112.14749294869507,257.31592500385125,399.2914775775422,360.0535991571854,244.4221679954873,235.3262911699123
2020-02-24,3331.6850165380524,3225.889892578125,39.125920537388346,307.67870359287434,344.8512452372547,342.58788836017527,130.0444554786966,27.693236437731475,242.46189055037107,346.40501439867285,107.31219774087076,249.85094797987477,371.0625762139317,354.5159421883189,238.87344375949166,229.22155406239958
2020-02-25,3248.7186472773255,3128.2099609375,37.735952014546456,299.4058595375092,338.5782186423773,332.0986922812819,128.7857900272788,27.301327889510798,235.13638795946073,344.10127481307455,105.54135364681075,240.1757958069171,355.81434426826706,346.29342381038157,232.68637160167225,225.06385497823715
2020-02-26,3253.6012494219435,3116.389892578125,37.46216860953212,302.4532986932385,339.75386902869855,332.08166154183556,127.64647357458566,27.197448168061296,235.55670142890318,340.8565669874167,106.86006529517047,235.90205036421943,363.41809390551157,349.9012829160843,232.48993956578886,222.02162934289697
2020-02-27,3116.547159487421,2978.760009765625,35.695031800383795,290.5562563788338,323.399412531894,311.44354667356527,121.92277970878774,25.936733953957027,231.23345099421954,326.09313647861114,99.33081346655534,228.03112311010779,342.98305560270006,337.2438178519526,223.9622666864376,218.7157342494157
2020-02-28,3148.2083052119406,2954.219970703125,34.57501382589865,297.09877058176096,323.30500852867266,319.8910530538667,118.18474787615132,25.25679838018105,233.9354825158968,315.01245628337097,101.73590396518013,229.97066979373432,366.7040146497247,338.7900484085383,225.7627230163547,217.98561433260903
2020-03-02,3261.901921604032,3090.22998046875,36.29045965509325,310.14935737403977,335.35331420210883,329.27434145145827,124.74936500195115,26.404189098048054,241.20092723667756,328.6077899945272,108.50531917251803,236.98457928984456,375.3396724357874,349.94920139516285,231.81887378420578,227.27453151260903
2020-03-03,3178.3997053235425,3003.3701171875,34.8870878194884,299.8707293713925,327.63690780298623,316.9816264112907,123.6643048673298,26.47029552156238,238.49891862036648,323.6758202366399,103.30580562888409,229.0911159831768,361.0283748013676,338.37052395315567,229.3473017217747,225.5708925841272
2020-03-04,3325.557001176618,3130.1201171875,36.158354641331094,313.2226211721374,339.1085445486225,333.11103474160126,130.7931496206579,27.82072289432658,248.04608139338202,335.8597139652849,107.09869341426766,233.4889001001706,386.3108081595964,352.0228278535454,240.3138288037977,242.20171986789634
2020-03-05,3221.112176896253,3023.93994140625,34.95218211220509,302.186435298348,330.2182057232905,323.60863501385774,127.3914837806815,26.791376659482783,241.92148424603562,321.7452398747046,104.41102253256004,227.17412041631266,371.0761675833576,338.32260547407714,233.47202481880944,237.84119336253013
2020-03-06,3137.6535393345703,2972.3701171875,34.222735736789325,289.9106140483723,326.2810392107817,304.493265559435,123.97354270095393,26.092551734915414,238.9192320898089,322.62130009536355,101.45960932118047,223.45291499480874,361.23203815724605,320.88265672396113,225.41901066062334,238.69302830033078
2020-03-09,2909.10963578091,2746.56005859375,31.41982200085257,263.2412983317118,309.0358203959655,268.70404930377396,114.18088160867786,24.487147846529275,224.9887839173463,303.1530531414166,94.58343236862169,213.3943787726845,333.2611241901156,288.6757324605095,209.01834677815876,230.96576466454607
2020-03-10,3065.9865516288646,2882.22998046875,33.42053519811102,286.1314679351229,324.690040541313,286.3136781223024,122.44903453634724,25.337067764053216,235.7968870986892,324.24365400819244,101.05142913946584,222.88909188313067,354.49726598411706,287.0456079865447,221.2779286337089,240.8428627977654
2020-03-11,2918.073192434368,2741.3798828125,31.611277865114328,271.3677852328208,312.51129560377206,267.5811368445188,115.4992256986339,24.652409402275424,224.62850541266727,305.4081240900426,96.47360010414961,212.08630855102317,334.65966781661706,264.5115408309716,215.63100086750427,241.45131411425734
2020-03-12,2619.4299004555796,2480.639892578125,29.20276274213525,245.34408557536813,287.75389813581666,237.4576270264583,103.40080354193564,22.26791120544975,204.93373859753729,276.0110791112326,87.3242086087617,187.12039952612088,293.7080844315407,230.11113904295374,195.0237817754084,219.77038113486043
2020-03-13,2868.708607789897,2711.02001953125,31.879314906526933,288.8173358264421,306.35670350294924,258.2318580028338,111.58215795038272,22.88646494492908,221.26597475176155,287.36755650103504,99.73899364826998,192.8262388005698,327.01518550819685,271.6313489262369,212.58656655369907,236.52290796606385
2020-03-16,2485.6341520643155,2386.1298828125,29.204676249079395,246.23076665835177,289.9061250428115,204.74796307738495,89.4957635460425,21.370772413987005,203.49264748418733,241.74694763877986,85.0384321696855,168.8639222605212,266.6740633385532,235.25323079597678,184.54830980762839,219.06053158132636
2020-03-17,2649.2654996245274,2529.18994140625,30.194505638131176,268.42364464656475,310.27669041433916,209.0100094697968,94.2049205566902,22.277354980237508,219.9449993786708,239.49187669015393,92.04019933895674,176.57697663309,295.0115920648159,259.80097144259673,195.7930760626659,236.2186823078179
2020-03-18,2487.7507644486354,2398.10009765625,28.938552714610935,253.61690335947964,314.0799817425194,180.34971536200092,84.43395702463175,21.177179533877574,227.9309782034434,222.74919718244075,88.16567360084636,157.10264867708474,275.39122790406924,230.60257779594585,186.97076761722226,216.24140373046254
2020-03-19,2609.579749707571,2409.389892578125,30.34575448548872,264.7219724604203,322.8210256439821,208.23586370828832,87.41787239484042,19.751203764027156,256.6325243926197,242.54190996792224,89.61627078692106,157.65518869827847,289.173000813205,236.78746344329704,188.16561886054046,215.7140802877402
2020-03-20,2525.3931374953886,2304.919921875,28.70689275482961,254.24533801878016,316.8414769179738,205.38599273078827,82.54594642997729,18.08441443891264,251.34855418415816,240.90334142782126,86.25040123666301,147.43877959461136,279.3696040582692,231.10599616870755,180.04713151963745,203.11926801425895
2020-03-23,2527.9555730864577,2237.39990234375,27.51029360319362,264.5153490502201,326.57967095998646,196.6322315976234,88.10145729944519,17.73500377784482,246.66504815016168,222.4247313509062,85.3900886092481,148.8370542833222,288.7928154031979,214.48113708981765,177.5592130150594,222.73147889643107
2020-03-24,2766.9171272706526,2447.330078125,30.029853478010676,266.86549659075126,332.9762649785211,229.10368586713935,100.21615469589462,18.62741978130575,248.28624415780186,262.74021123161094,93.15168281787722,179.86968070769635,338.33932390316124,241.66583895592584,197.44622709726954,227.59904300768733
2020-03-25,2775.538196249295,2475.56005859375,29.0668307144848,263.34459690118507,323.6637060295941,228.78041335557612,98.61026205418023,19.647324042577655,249.36705676647279,264.41123378141225,92.2599798227237,199.2876082754863,333.50552021716976,252.48937969404253,198.57561764560356,222.528666948787
2020-03-26,2927.6723103819313,2630.070068359375,32.804047081477385,277.7725592526991,335.61762865054203,259.4653923840107,105.90729808219018,20.912761044683737,255.19143327926975,271.50093721398076,98.03093987160652,203.2456230193045,349.28327688811845,274.73578965917795,209.46028763956454,233.74433631530496
2020-03-27,2822.7266713215245,2541.469970703125,31.18433210579831,263.27571367403374,326.11112876556984,247.6065458158352,103.37910598171803,20.213937921332235,246.90521091458152,266.08225633121356,94.00570970620895,200.23483050053719,343.1595569382778,250.4397490541909,203.58419748998446,226.5443961222426
2020-03-30,2944.41376936417,2626.64990234375,32.513036271196455,274.08809473771566,337.06959825534665,266.977116747022,106.3901495109626,21.248006944177845,261.6763089312952,272.7663712855748,100.61813474717646,202.9862776444341,360.6210066525087,255.4499735422689,211.65358306578298,240.35611102870772
2020-03-31,2902.372452497204,2584.590087890625,31.257083347676215,273.9589452546204,334.6273293997065,261.75379415113673,101.29579251004951,20.893873495108217,257.773371966054,268.25622938832294,99.03568076914479,202.10670876967032,357.9189761112831,242.13330017988287,210.80244417819617,240.55892297635177
2020-04-01,2772.7124850389323,2470.5,29.61439168174417,259.2985611217915,327.41550045588394,245.70097222534844,96.9121485727771,19.888133995410023,255.73183958360522,256.60771542153014,95.5190972096802,189.20652093659967,330.04311885592995,224.6694104797234,206.1703320125042,235.93474248640425
2020-04-02,2805.0889104749726,2526.89990234375,29.9188087261727,261.66591633348366,329.325725445167,240.6818108108744,98.3661251795608,20.752220475723536,256.33228085270406,262.01015692186917,97.49716947317945,191.4392472023433,346.8799664145486,217.2619269045247,210.57329428255343,242.38426145226785
2020-04-03,2730.5320632356456,2488.64990234375,29.130008578872694,252.7560469188643,327.2249954400625,224.45883725958134,96.95012137274588,20.695559628212838,258.6740567750685,260.1120058144781,96.59919032086206,190.78521962361575,331.18367508595134,197.78434542382251,203.8624616384644,240.31553935504306
2020-04-06,2949.692816706351,2663.679931640625,31.791246844941924,274.7251200969698,342.8431803245266,256.57299648088105,103.8022787719522,22.036543226189274,270.3227868952963,287.22152583496177,103.78306186707846,205.73770972412476,364.43645212200585,217.96912683984087,222.4564209471474,245.9943667304353
2020-04-07,2926.1850238011375,2659.409912109375,31.421735507796715,265.944373894192,345.24769595917144,253.16165629300693,104.32310300069341,21.960994829103054,261.3760653913796,284.86911761239105,102.66529264907479,215.23242283457094,351.71377010054005,222.96737170814924,221.80168911997853,243.49973490109005
2020-04-08,2996.526630482924,2749.97998046875,32.87871475168408,273.04643952926847,350.6368320764848,255.79885071937252,105.6957116870731,22.57954856858239,267.26047686894,287.95160489985966,103.69514775718781,222.87782385685261,362.4676510990447,242.81652258616396,227.26859373111037,241.5527123512995
2020-04-09,3025.485004806332,2789.820068359375,34.06382701888591,274.3549581326061,350.59564293526574,256.15613278684225,109.33608380285064,23.13671867254921,267.380569703833,298.02640883563976,103.70142391435166,219.90085048112576,357.0364072777418,266.08174891659246,223.55306866025663,242.16116366779144
2020-04-13,3045.9805079343223,2761.6298828125,33.03953989791629,276.0336124290538,372.23971956729287,253.51044895224658,107.84954843821274,22.1593104972143,266.2997570951621,292.2183788570935,103.93376629436567,220.2278642704895,366.4052945820689,259.3215305988701,229.36368562711982,243.37805082721556
2020-04-14,3186.417474753654,2846.06005859375,34.09829059357305,293.35403981083357,391.88258217630636,266.4241629063711,112.39595305134873,23.098943573398167,275.4866642688648,298.4969053332476,109.07676567776691,232.32743473377408,385.5504373395821,273.8967407484126,241.31224801123247,249.01630652894318
2020-04-15,3153.8313588118735,2783.360107421875,32.442195614878045,286.27779881812546,396.06342666517264,263.6848878892999,107.68136544188273,22.4803916351347,272.72457487705793,288.5194139162561,107.93388224918849,233.60167074818872,381.32762372122613,271.3676509753385,239.24989895044783,250.47657730967603
2020-04-16,3204.64099965605,2799.550048828125,32.155011818485406,295.01551270737394,413.31379936032454,256.5049254460819,108.4246372633776,22.239579881086467,275.1263857641858,291.21252735278955,111.17415200081476,245.83654791204754,400.1469051093337,247.76683068589801,248.51414825729725,257.2100360969533
2020-04-17,3262.8189203248544,2874.56005859375,33.52200657245898,296.2292971699383,407.6174626439801,271.5964711683967,113.61664570279773,22.692872064819653,278.5489513898549,301.92007307952287,112.15377868777826,252.27536627020166,396.9153084057222,269.67761011302974,253.6700333969916,252.38304365936168
2020-04-20,3229.459084231992,2823.159912109375,33.45499877279815,296.89217344281445,410.8114857037008,261.4560417872499,111.78832202503338,21.970438603890816,278.0085450855195,294.70057836330926,109.93079256609863,252.76023787690204,389.75961815141034,266.52523261151435,247.1719667432002,254.2286524985503
2020-04-21,3111.767648977109,2736.56005859375,31.827623926573203,283.2131519912352,399.571543115105,248.03189891810408,108.83695713432705,21.42743506271357,275.7268270332846,288.0976108107768,105.38436348044036,242.08150828329693,365.9436438297104,249.5527633748512,237.0729624541091,254.99935956258142
2020-04-22,3216.8529540464165,2799.31005859375,32.98975950352206,289.9106140483723,405.6420180226447,258.51260558876737,110.76836284941673,21.569088082098247,281.79138921586764,302.53655073289167,108.96373735730151,249.47881689278,388.5375965790376,260.98761222163955,246.69730802203503,258.46749493004205
2020-04-23,3196.324283035479,2797.800048828125,33.10271776230418,288.70542028576153,411.8137687738533,257.1344656912551,109.7646871919031,21.281059255327076,280.29026313775427,295.3332953991063,107.64501612702246,250.5275266753647,385.6319026819335,253.71197762189004,248.7760409881648,252.60614144383806
2020-04-24,3237.8502488241033,2836.739990234375,33.59284722877739,296.2207064699847,413.66221005130774,255.24589687872162,115.1140257083685,21.45104359907504,285.2739898063002,298.54557397021995,109.610536076194,252.2189809461926,393.20846958032627,253.86780412637432,250.47829378787293,259.35987059438787
2020-04-27,3278.1393059149245,2878.47998046875,34.35292432222269,300.0084695544414,407.78909104930386,263.4296864125358,118.14134447736424,22.088483086914028,288.8166482668624,301.5793678655601,109.2965557434532,250.55007779212707,403.37846037584336,271.0080794872914,252.29513402313518,255.40498345786952
2020-04-28,3244.024044780661,2863.389892578125,34.14806806658263,287.05259063168216,397.1618736001245,276.38595125378305,118.07082119789312,22.06959733855437,283.77286372818685,301.6442511298045,106.63399907232034,244.8442234534719,395.6117800538961,283.7014651212362,248.51414825729725,244.41241187582796
2020-04-29,3385.611790918219,2939.510009765625,35.909461433513876,300.58525492900526,407.22442689155406,303.69359965025006,120.33859290564283,22.249023655874225,290.49792504999834,304.71052379000105,111.4190562770758,255.7033921095885,405.25224612412916,323.62750767935927,258.629511476268,245.77126894595892
2020-04-30,3376.8115314677298,2912.429931640625,35.4557119700566,304.43328426940593,424.60867477103443,300.2482499064695,119.26438569030623,21.668245015545935,289.8974608755333,304.28869592936564,112.5368350769988,252.00473780484694,396.8609843651206,312.86388332958654,257.1727675020823,245.5076149613776
2020-05-01,3247.982486826789,2830.7099609375,34.479285893767766,295.9968753886235,392.3494064106111,286.35620304793207,118.58080078570146,21.531312982947206,280.4103559726473,296.3391716585664,109.62309797244103,245.01336436129282,383.9617802895262,289.65860996649366,244.92956955187728,248.75265254436187
2020-05-04,3311.666846478393,2842.739990234375,34.372071077202726,300.53357937301496,397.48966876976516,294.1997152922297,120.354868145394,21.314111566476306,290.07761158055587,295.0574982045441,112.30448311506547,252.4219560612602,395.51676477922075,297.4016875007044,247.28655417875427,253.33627683420448
2020-05-05,3348.9360731702477,2868.43994140625,34.77221313237749,306.5768083997369,397.8003262397531,300.64808286106194,122.40020881709373,21.43687883750133,289.2369617363048,290.79072424731027,113.51016644295979,258.3533366317453,398.84337675750766,308.02148325525826,252.45882322379376,254.08668258784348
2020-05-06,3397.709214092345,2848.419921875,34.53480973037908,312.0776673942169,403.5430059776522,303.95731649673735,121.4833316788024,21.129962461154637,296.2022087279023,287.1079739337449,114.62793566096346,277.25255838558826,404.342535988838,305.69613846574697,256.69810878091715,259.05566040970166
2020-05-07,3448.654797928205,2881.18994140625,35.82330687887301,315.7449242380394,406.3491471652825,311.8518690363878,124.48352228876225,21.059135050854362,299.3845886837854,293.84073276992245,115.29358201518617,267.31807590196644,413.95581932021935,322.2131443877186,260.15174112090335,261.1852090703039
2020-05-08,3484.845425881745,2929.800048828125,36.10091729777564,316.3733588973399,408.4086880291678,315.697077696254,127.18531970603085,21.77212473699544,308.57147295212195,294.01919269053985,115.97177110181727,264.84854031390853,424.31592353929096,326.06070562578884,262.1649884165835,263.35534487813067
2020-05-11,3522.764033964165,2930.18994140625,35.945838515145155,319.73931073269625,413.45282842498864,315.2546938545388,128.34091139847516,21.50298345979979,306.8301612042226,293.4513836741434,117.26537812152156,270.7686528581156,438.0569637772511,328.76959943238234,264.472871278356,268.91245723252894
2020-05-12,3447.433311072411,2870.1201171875,35.55718334440456,314.29869172290654,404.5195615475926,299.0912759683217,126.35524936531368,21.163014772303868,311.3935973086922,286.41034887854727,114.60909760755256,267.9946395332501,423.7728074445811,315.77655869873445,259.5461360343044,266.94514884590603
2020-05-13,3402.2927906638943,2820.0,34.653511431378284,308.66868324533124,406.40232012581856,297.69613129285625,124.83617179952529,20.747497687721722,319.49966896835787,280.3752150975674,112.87592962031435,260.2252149008785,422.5507858722083,291.6363263087359,255.6669217627921,266.45841255040807
2020-05-14,3440.7679024554786,2852.5,34.46014206017238,305.9397830404827,409.9945328183009,297.679126514903,127.21244786506675,20.634175992700328,316.2572311423451,284.5771057905568,113.36573817283643,266.3708386127093,436.15603672721545,303.02322009745404,258.3349008856411,266.7626227350943
2020-05-15,3502.5778350011637,2863.699951171875,35.20490525529524,314.4708472482774,413.58670360931717,299.75482576940146,129.84372200286424,20.42641654980132,318.2987635247939,281.9813296279681,115.01727778926718,270.565677743048,461.15334138721437,313.65497718228175,259.8080037897065,268.811043521927
2020-05-18,3610.792507152888,2953.909912109375,36.903117836453944,316.7693455040719,416.4151363769358,311.9284554409101,133.10975532601296,21.23384218260414,328.0861119675955,291.74790711464186,116.11620895385995,286.3977065899083,475.2474257334318,340.2883239070539,261.6739457900732,274.8752244293348
2020-05-19,3641.2866609209254,2922.93994140625,36.39384453638535,320.4107777055261,420.3746154201659,313.9786345477322,129.17641233801064,21.03080552770695,333.91048848039253,291.3261040091625,115.31242006859708,292.20504848609727,478.2481763423131,335.24214227017114,265.19306380050904,288.48412738815585
2020-05-20,3708.356179748376,2971.610107421875,37.36835418434539,330.25036051665836,428.7174487381339,326.33090525297575,129.22523805726414,21.668245015545935,343.8179068527209,298.67536525386504,116.58717945297114,292.09230796649166,487.18255419603156,327.7867219263981,270.8399915667137,297.81360076826076
2020-05-21,3664.8358956319234,2948.510009765625,37.046709734650264,328.99351746931103,419.93008276584953,327.6750096330884,130.68464526286613,21.328276328050013,332.889710836485,300.2652651569936,115.1868202699653,289.41979726336615,476.6052366887575,328.7576015231169,275.7831107161104,280.2701119833134
2020-05-22,3696.477311228174,2955.449951171875,37.08691675155448,331.65356071826193,418.23780825271194,331.26499085469743,131.2271753301768,21.262171705751555,339.074365853961,299.178291006017,115.23705827303414,294.1220289887552,490.23762884551445,322.8484117359295,280.0714980383383,284.97540487347084
2020-05-26,3665.4516546686746,2991.77001953125,37.60193057245551,324.2243654323511,415.6599881540976,337.34753502484364,131.55268840355208,21.76268096220768,339.01430798383143,299.87589130605846,114.01882263081211,295.0241640444875,473.4822466292472,335.97328315553074,275.84857141109455,264.065178958105
2020-05-27,3674.8578245257227,3036.1298828125,38.27776953958874,322.96752238500375,413.6913734717436,335.97791049705455,134.20023778110075,22.064874550552556,329.34705237592283,304.5482784966557,114.16952705809932,300.7412713452145,463.02712713550017,344.0759687567802,278.9421074900043,272.8268036425021
2020-05-28,3701.3302160702087,3029.72998046875,38.61090379510267,326.9790902795679,412.09698078351727,338.2492815247342,132.9958203694029,22.23485889430052,342.2567458098441,306.1868470367567,113.91206088559123,305.80438119562643,460.9496780313359,344.25575450080373,284.88367082230127,271.91414214132396
2020-05-29,3779.714019839518,3044.31005859375,38.60133041761266,332.80710519613604,419.180088423347,342.53684806482244,134.8078688074161,22.041266014191088,356.9077280862986,302.2769929207577,115.07379194949989,304.8797100873379,482.0500304423844,356.2659543074591,296.11206565972634,276.17323946252856
2020-06-01,3810.9424082191103,3055.72998046875,38.938294608399524,335.45853147387965,424.1006613955106,346.95201534329277,134.1622567027801,22.187641821577582,356.12715901754336,304.04535274450376,114.81004961982794,314.4082724692371,478.2889090134888,366.3103625231543,298.87824831278436,276.27465317313045
2020-06-02,3819.7819218761233,3080.820068359375,39.39778751407389,336.1127907755485,424.3357705220418,354.0979422691112,137.10277695255357,22.14514573564059,349.10187706118245,304.337364566338,116.11620895385995,317.37396275447963,479.32085859940895,367.78467878213064,299.5656979997126,272.9890593900413
2020-06-03,3827.1968332122406,3122.8701171875,39.68497131046652,335.6651548840798,425.3638229938726,360.63138565069573,136.1750468949775,22.617323667733434,346.8201590089476,313.58477691843154,116.3987893369428,322.2566335423801,476.2929252516759,367.95250319588035,301.51348460040856,262.2398559557487
2020-06-04,3794.3834817967945,3112.35009765625,38.88468720011701,332.1184042808916,422.3088709002822,346.2969809119362,135.06285860132027,22.626765641305326,353.8454409653085,313.50367902691505,114.86656378006064,317.94905389243576,476.1299945669731,363.3857624027243,298.6327145117965,258.77170511472826
2020-06-05,3870.382749524878,3193.929931640625,39.9166341916325,338.2304902635111,426.1533304189485,357.9006000418546,138.29091084614836,23.1792147584862,347.54071601830566,319.8633033945856,117.55423466176826,321.07261705922116,484.4669322853801,395.2810336572074,299.4838533993833,261.448878528445
2020-06-08,3895.3450640501705,3232.389892578125,40.45079476751356,342.43147389711453,433.2004027978948,350.4058804567966,139.3054394229467,23.53806919434178,346.8201590089476,328.7700105327164,118.28267133338754,317.9716200734044,478.22103504056327,396.7673112464575,305.78551299275676,273.3946832853294
2020-06-09,3932.732344710874,3207.179931640625,39.696458194900686,341.8977471073336,446.3814727070544,356.87976817330514,139.30002538083212,23.13671867254921,357.9885406949695,323.6920596190681,119.18693622478811,317.622040103072,491.31031110261034,392.66804996675427,310.3685109056115,272.6037058580257
2020-06-10,3982.9877192099657,3190.139892578125,40.09660025007545,350.2136234762281,454.37761329415105,363.14095337718624,138.04677397152892,22.95729055401349,363.09238310377464,317.65690108293205,123.60777509373395,315.1976067485388,508.7310488642165,397.34266220632446,310.0411574797598,278.4853297075023
2020-06-11,3778.763261466326,3002.10009765625,37.515776017814645,333.7282278926953,439.01858897778453,343.1833930879489,129.91967588115367,21.50298345979979,348.50143579208356,304.2075732826929,116.97023584219167,304.5865305052209,477.7457929187789,354.4080707419048,293.8369256331787,273.6380514330784
2020-06-12,3826.2322305573775,3041.31005859375,38.59558697539558,349.97258472370595,436.79772746924664,351.7840203543088,131.53641316380092,21.531312982947206,348.08112232264114,306.9006867192264,117.89333878700315,309.3113284115785,485.145837763043,362.9422421288107,293.96787199861245,271.77215675705736
2020-06-15,3882.274961193701,3066.590087890625,38.25096583544748,345.4961207240048,441.54495407597466,356.9052883209816,130.94505737723674,21.861837895655366,358.8291676338544,307.4198518538066,118.64688966919718,315.874200508235,498.2487466316178,368.83947058572426,301.251591869541,278.160818212424
2020-06-16,3929.46066099475,3124.739990234375,39.13357748654958,354.38878246746316,448.8546229432423,361.82236914475,135.60538866863092,22.08376210012808,365.19395045098685,308.7664085720733,121.5543506165911,324.94041227178366,492.5323326749831,374.7366990426378,304.6888403041821,275.15916425074846
2020-06-17,3962.878548383147,3113.489990234375,39.28674276223591,355.9555212232303,453.2671825398821,359.36381575211925,136.09367069622164,21.99404894146815,372.6995808415536,309.5288921363593,121.97508311263343,329.63140609930707,501.62968265050625,370.39766247258376,309.3046060277271,281.7506531273189
2020-06-18,3994.455450095381,3115.340087890625,38.85213713237402,361.95569166516924,455.4983518090913,360.6909153542787,135.20392171696622,22.187641821577582,369.3370501806479,307.4198518538066,123.28124244666544,342.9826313318314,500.6520571051877,379.12361751277865,310.79409283713767,286.47624732786835
2020-06-19,3983.0071526802863,3097.739990234375,38.58793002623435,368.4551735545672,459.10770220122635,358.91294250217396,133.81503779083536,21.729628651058448,368.6765739467856,302.6663420165367,122.54652003596297,333.0143146409629,503.00108497525787,381.3530704756455,301.9062987212444,289.2345331417949
2020-06-22,4050.54072679765,3117.860107421875,38.78895926798613,377.6060817217087,465.7686106681941,364.5020884967453,135.17679355793032,21.59741940646153,378.46389948422103,304.1264753911764,125.95007527496216,331.79646395055727,517.4210306908808,386.74686227030145,316.34281707313335,286.25314954339194
2020-06-23,4075.6789164739503,3131.2900390625,39.70794507933485,379.2502944045807,474.45126487658587,362.0010101784848,135.80069982399684,21.550200532522727,376.7226106416878,302.76367929048143,126.79154026704684,341.8098828749505,513.2525411131264,395.1132458224493,315.6880852459645,290.77591632273754
2020-06-24,3989.4447220757165,3050.330078125,38.64345094146102,371.61450197972334,469.30069475676055,347.9898779512885,133.53292811624715,21.0827453884317,373.90048628511755,298.98359170297135,124.23573575921553,340.5469299510202,501.60254134875646,374.6527868357629,309.68106121868334,283.6773898402771
2020-06-25,4032.708874653521,3083.760009765625,41.60718982362998,376.15123223536847,472.7641861452501,354.20853822953995,133.12603056576415,21.21495463302862,377.5632375805727,296.5013921967556,125.80563742291947,343.0954019798495,515.4250469290679,380.0106214816142,310.48309834116566,284.7523070889944
2020-06-26,3965.2776984774155,3009.050048828125,40.6786277134066,367.5168431868469,462.1730039569542,345.5568706678273,130.75516854233726,20.572792357187815,376.84268057121466,291.6019012037247,123.2875186038293,343.8283659993485,497.2303884151235,367.22132573152913,311.6779495844838,286.33426194360175
2020-06-29,3978.7226861139584,3053.239990234375,40.72649167947203,365.17531261752305,460.02932494905264,345.4122391899989,133.52749751742886,20.945813355832968,383.5677418930261,296.5663002161562,124.6125159912722,358.47637836304983,499.67443155986905,360.017605429389,310.5322001062701,279.4588332456177
2020-06-30,4074.6782358328837,3100.2900390625,41.10940340799555,374.7394150625576,473.4918889077643,355.62922901417494,135.9092041817886,21.096910150005407,391.6137785879283,299.2756282799618,127.79627158266578,364.67840246309595,515.8459650102508,371.2487092926146,319.17446042117547,283.0689694709047
2020-07-01,4179.167031935711,3115.860107421875,41.084513210798434,378.61326904532655,494.06668202527544,360.33363328680895,134.62883289180135,21.163014772303868,387.830911552214,299.5838794842242,128.54354630769595,417.28990177820293,517.5975527450095,383.8701806289499,322.2843554299649,292.27675877713506
2020-07-02,4162.382827069549,3130.010009765625,41.30085927225731,381.31637087906046,496.0575882876177,356.25022792813195,134.81872172670083,21.191346096667147,389.87246684002895,297.7343970138055,129.52316341274013,390.63421060936696,522.0647209533178,385.35645821820003,323.3973870484192,292.8649087832349
2020-07-06,4216.19721563109,3179.719970703125,41.65122385442249,389.6150133055403,524.6749069152463,354.6168865538556,135.3883799530474,21.356607652413295,395.33654194278074,305.8137125682498,132.31131030058543,373.9694625691931,534.3936676324524,385.2485867717859,326.3599767618951,295.4609388496223
2020-07-07,4168.365467408234,3145.320068359375,41.41764746631237,386.8344375447015,514.9058314926859,348.6193922349687,134.19481546063432,21.347163877625537,391.13340724835626,301.4658159643432,130.77280858653944,363.3071981530237,536.1588052995352,376.04319088786434,323.4792316487485,298.68572154289376
2020-07-08,4251.493838844128,3169.93994140625,41.907774011400925,393.99676943572183,528.8060143638003,358.99801831492636,135.18221587839676,21.281059255327076,397.1979694309393,301.51448460131564,133.6488695842754,371.99496692705713,554.8558886741157,382.52773163491867,329.7808662666565,299.80121046527574
2020-07-09,4306.310036012655,3152.050048828125,41.98818512382471,396.7170789406167,546.2296915229217,358.7938571335151,134.5257591328279,20.733332926148016,405.6042846305205,299.04849972237196,134.5845344253339,380.36683929594227,570.7693932909154,376.37880313637214,334.8058300163826,305.7639467149621
2020-07-10,4309.17834265096,3185.0400390625,42.17006761059645,401.3312831233668,549.2108970360995,350.6355877473773,135.69219546620508,21.31883435447812,402.48191673403466,299.94079932545907,134.1763542436193,396.43923261779275,569.1536363762116,370.3737032330445,324.10119566522707,312.15263911744825
2020-07-13,4169.162293254184,3155.219970703125,41.304689207530245,380.9031503299138,532.7345701250165,339.9592093035328,135.42635275301618,21.366051427201057,395.2765298833835,300.00568258970355,130.03181960059246,382.73622804082294,545.962202054471,347.89957075531123,317.7831771419739,297.7730600417156
2020-07-14,4210.402588049231,3197.52001953125,41.959467912739306,373.4223057592663,529.3020020185409,347.59004499669607,139.85883068789397,21.658801240758176,396.7175980913672,309.4153402351424,130.83560848585532,386.72471767389317,563.6001531042797,343.33282996215513,319.63276021246094,306.3521276681815
2020-07-15,4195.0299060243515,3226.56005859375,42.07433967846557,372.7594557576438,516.407580039269,345.3952344120457,139.86424473000855,21.90905676959417,401.04084852605087,311.11881679464403,130.6409326307438,380.8012307474852,555.4668787417511,352.6221380529516,318.11055554329107,306.81859360040687
2020-07-16,4165.725829732421,3215.570068359375,41.949894535249285,366.97449942585865,514.8680363702244,340.52919388363006,140.0161524865874,21.79101228657096,409.2670359259757,309.73980606667703,128.05373775517387,373.02171309692335,550.4430030693071,347.95948714365517,316.26097247280404,304.85128521378397
2020-07-17,4192.919943937633,3224.72998046875,42.49171498167622,372.2515536102312,508.35818268870395,351.4692632124687,141.26398157542414,22.10737063648955,420.1952319422116,310.6483202970362,127.40066287911752,362.31995033195574,554.0683351152497,353.6769298565452,321.26955231718495,305.3988944933387
2020-07-20,4334.3494593797,3251.840087890625,42.77698234974007,391.9221022612885,548.6685663598041,353.6640997586122,141.15005489716594,21.776845723781385,428.9017448709761,310.8592342273539,132.87648064867048,383.72347586189096,570.8644500026927,362.9422421288107,330.46831595358475,313.7548643353282
2020-07-21,4271.448127537286,3257.300048828125,42.6467937643067,382.4612983857272,538.6197148478036,354.6679268492084,142.37074754861496,22.28679875502527,422.77717062899586,313.0818511662796,131.08678891928022,370.9287525368052,560.9660379730815,352.2745278951783,326.8510193884054,310.4286988785743
2020-07-22,4308.560636212272,3276.02001953125,42.9301476254264,383.1241483873497,532.0325948627144,359.08309412767875,143.86270523371928,22.89118593171503,435.62680619278757,322.2319262444284,132.97067091572498,368.7173270587049,566.9539478214183,357.2607931437171,328.4387097280249,312.4365789388619
2020-07-23,4207.866596830504,3235.659912109375,42.56063920966584,371.66615126446,512.5768223000316,357.7815146731957,143.12485573269086,22.79674998505329,419.5347328029831,320.49602043038266,127.18714897059509,359.950561587075,550.1714243034012,349.0382747657797,323.75748330949574,307.224217495695
2020-07-24,4198.371696629313,3215.6298828125,42.39598704954534,370.435132859481,516.4144099782503,352.4730903030649,143.93865083365685,22.895908719716843,413.590240549927,322.39417153777373,126.4084838778263,356.8308548570906,553.6881497052426,343.9680973103661,316.50648129832643,316.4320377490449
2020-07-27,4278.445798258546,3239.409912109375,42.75592500920053,376.28035544721007,524.3608135250347,362.16264643426643,145.0833978851683,22.89118593171503,428.48143140153365,326.4987249568184,128.0097854911882,362.39891690113967,566.0170549472754,347.9475258133814,322.5953499259369,322.9626845886781
2020-07-28,4238.3135686078285,3218.43994140625,42.53766251941287,372.1138134271823,514.9418667535693,354.148982564464,143.92237559390568,22.749532912330352,419.1144193335407,318.37074076540176,126.86061632352659,388.7387116648274,554.828705935264,343.75235441753784,319.0107712205169,317.22301517634855
2020-07-29,4325.112923410823,3258.43994140625,42.958867757896456,375.59165453196556,520.6399214300257,372.94110546881654,143.58600960124565,22.67398451524413,428.181187861618,318.3220721284294,128.14165186506452,405.9168177257281,568.4068154885213,352.89783391311545,324.7722864222756,320.08271470087703
2020-07-30,4341.023782051816,3246.219970703125,42.882283659360965,377.8126788606552,523.7892775268373,373.54509960482034,144.48118090096753,22.518164933069876,436.94775866051214,317.024184047135,128.0411758589268,404.1792519195564,576.4722158781243,343.4407014085693,326.27813216156585,323.61167663171517
2020-07-31,4373.8877340480485,3271.1201171875,43.0354489350473,382.4957399993029,543.148970027653,373.62166004784956,144.03630227216388,22.30568630460079,439.6498130875556,315.19091620398837,128.73821258088816,405.5613928433691,576.5129485493,340.8516769576554,326.0817251011479,332.65724113752594
2020-08-03,4449.387964228395,3294.610107421875,43.49494184072166,385.63786075329807,534.0886998063761,372.75394906535854,144.41064934314454,21.861837895655366,444.4533890510789,315.3855907518779,135.97859828733723,435.9883779195038,597.9935278074574,345.2985483951319,331.9414438331156,340.10054947833726
2020-08-04,4467.529364238007,3306.510009765625,43.48919839850458,384.7339719991534,538.7124008909129,370.71223340527354,145.32752648143585,22.045987000977036,437.9085013396562,323.432477051778,133.9377261245221,424.7929912440022,609.8064582565302,342.2061238609521,330.3864963287209,360.0372718555877
2020-08-05,4559.493503858979,3327.77001953125,43.78595557238724,386.9635870277967,550.0741929430541,372.1329241899085,145.11594836467063,22.296242529813032,443.49269218266716,323.27023175843266,133.71794564075515,476.6827343090633,613.0109136583919,362.04327682970137,329.9118126320903,356.9950462202475
2020-08-06,4567.550818459361,3349.159912109375,44.20524438254203,399.53207004377754,553.501607169194,375.2124764964962,146.14132158240187,22.41900799962219,446.6150142684207,329.6298561261032,135.859293809708,450.0665414890255,615.6586615961179,357.97997269880284,331.057562110304,359.6721886868447
2020-08-07,4526.250527314801,3351.280029296875,44.33351946103125,387.0152363125333,543.6261020226291,375.7739457068703,147.37287543148744,22.570104793794627,438.5089426087551,331.9336204668577,133.4290795185891,457.60909917521053,608.2721666841777,355.58273190117797,325.37789150887454,354.8452117228129
2020-08-10,4488.885040237696,3360.469970703125,44.099943072921135,381.6090589163192,540.3136654195869,371.97980330385,149.04929135267298,22.532331495859452,432.74462396608766,331.15487276498743,130.77280858653944,456.70084805173894,606.398380935892,346.92869115859247,320.22200636918024,354.378714843468
2020-08-11,4415.186590160703,3333.68994140625,43.76106829657477,374.67055810666,528.7304660203436,365.3102697756533,149.1523733899983,22.63148842930714,431.42362568763076,332.5825521299268,127.71464321185832,456.10849333341565,589.2899546113673,342.19412595168666,312.69275269726376,338.92421851901804
2020-08-12,4504.368414858889,3380.35009765625,43.986984814139014,383.3910117822401,542.7302067750148,367.2498788835396,152.76560906838807,22.86757739535356,442.7721351733091,334.23736005245604,131.3630931451992,457.7670624419909,621.3478513767989,344.84310336993616,318.094171637946,340.9523689425782
2020-08-13,4549.512728611476,3373.429931640625,44.36606660738959,387.402605948058,542.5208251486958,369.8870473484122,152.809020745527,22.843968858992092,447.7558847472212,334.9998683718981,131.05538896962227,463.7695460659953,621.4972321291777,361.8395318461386,321.38413975273903,347.38160207160945
2020-08-14,4553.617536063732,3372.85009765625,44.08271274626989,385.319348073671,540.2896558794866,365.52294632678775,152.20680376132623,22.877021170141322,443.0123208430951,335.875928592557,131.18097918633472,469.14017662287824,628.0690321805021,363.2658930470447,321.073145256767,351.7015723768708
2020-08-17,4614.918052667078,3381.989990234375,44.53646220972717,388.74553989371765,546.1919383019264,369.6828861670009,156.37886130348156,22.76369767390406,453.88045898920143,338.5365880193902,132.0475679709135,450.5996637483577,670.0525651514985,358.44741563326403,327.7021582759922,355.3522493287029
2020-08-18,4635.252141887899,3389.780029296875,44.844706268043986,399.0155771964113,568.517374674913,365.9227792813802,154.6210691835402,22.862854607351746,447.7558847472212,341.2134868286516,132.80740459219072,454.96328224556726,665.9112168754939,350.3687258505455,327.5057262401088,358.9420532964783
2020-08-19,4595.557327561543,3374.85009765625,44.92129036657948,397.7242925354883,559.5909796379646,362.8261962353462,153.46004689227757,22.367068138897437,447.27551340764916,339.899359364929,131.68334963510387,450.77736112533097,659.271542851244,351.1957768520454,324.4449329964239,350.11961752226347
2020-08-20,4654.6169309190645,3385.510009765625,45.30037215983006,411.90259916327284,565.9223749751799,364.53612401414483,152.27733531914922,22.357624364109675,453.460145519759,340.49964714618187,134.74780074886817,446.55194165629644,659.407332234197,351.71117484457676,352.17219524652256,353.77026352697607
2020-08-21,4655.105293506841,3397.159912109375,45.4688542552235,407.37448587883506,563.7512505069543,358.65774102540985,153.66079692481364,22.32457205296045,449.3170686954642,343.2414292196877,133.768183643824,444.45898109617826,688.8718051025043,344.25575450080373,348.80040750686567,351.1539630973161
2020-08-24,4657.183299493678,3431.280029296875,45.51863172823308,410.02591215657867,567.6540787679585,357.85807511622494,155.57049680133386,22.65037597888266,445.23400393056653,344.9448810240332,134.18891613986634,441.892130735719,690.8677888643172,340.9235912552648,349.89705521997485,349.9573617747243
2020-08-25,4684.587279890349,3443.6201171875,45.60670271120273,417.0246792221819,574.3527404559215,360.2060325484269,155.23413080867383,22.622044654519378,443.6728199823236,344.99354966100555,135.93464602335158,443.3927365775138,692.4835872161229,344.32766879841313,353.8253462811262,350.9105949495671
2020-08-26,4777.775726027776,3478.72998046875,46.0355619774629,454.95401189399286,590.7192436242424,361.8734094401028,158.38079857639423,22.74008913754259,449.25701082533453,346.7943634944519,138.8734973384841,444.3799843985818,693.7327915273474,354.59985439519374,359.7178078483187,355.7173015503264
2020-08-27,4717.006498221586,3484.550048828125,46.11597308988668,439.3122650799144,583.5365781008558,361.5586522982627,156.5904559769505,22.77314144869182,437.42813000008414,344.24728072399165,142.28332873464714,440.43099311430984,685.8710544936229,351.1957768520454,355.4621383858502,350.2007299224733
2020-08-28,4762.336489045934,3508.010009765625,46.521861508663164,444.58070229307964,583.8455176107318,361.95848525285516,155.32093760624798,23.528627220769884,434.18569217407145,348.6600853472988,143.74647823504955,440.31252819632766,714.0863230507056,359.39433599044355,359.25950805703326,346.9354065026567
2020-08-31,4789.003140182956,3500.31005859375,45.93600411005908,441.95510065770435,592.282754931921,357.9686710766537,154.64277502210965,23.386972400169338,449.01682515554853,346.40501439867285,141.62396811950762,441.02334783263314,726.4016783604144,358.93885438625614,362.22209777050915,347.19907596079776
2020-09-01,4886.587222396266,3526.64990234375,45.953237358094974,454.4891683313632,600.5484057492527,378.31754895076034,155.1310487713485,23.19337952005991,455.3815850673148,345.05845768040615,142.71662312693653,447.8551160109252,750.6522450069269,368.5997318743651,368.8347268843892,349.8559480641224
2020-09-02,4961.865478885868,3580.840087890625,47.32405912595683,459.52515749195993,606.0971236003735,383.6855030244741,155.81464195430513,24.17078769539482,453.940516859331,350.8015796395518,145.46708432604072,463.9669775531614,779.1933749334152,365.9387931258418,375.41463813850993,350.52524141755157
2020-09-03,4670.009225415368,3455.06005859375,45.75412162328734,437.14289003596144,578.0444691304947,356.7351366954768,148.99503503460116,23.83554179590071,422.8972405585227,346.85927151385243,136.4558545255316,436.52150017883605,706.9035329317459,340.40819326273345,351.56656518445817,337.88987294396543
2020-09-04,4558.895229286649,3426.9599609375,45.196987278537954,423.48971949800415,565.4503968605394,356.811697138506,146.298659937799,24.099962086310413,421.0358588810965,343.5009870318217,134.54057257942893,418.35614629686734,685.5587430565413,324.52647297846863,342.05680705208636,327.97221861064116
2020-09-08,4392.8147988433675,3331.840087890625,44.54220565194425,397.8275911049615,540.6020313095864,345.6589512585329,146.08165122221547,23.519183445982122,401.5812319250202,346.50235167261764,127.26251076615803,403.034040831708,647.0240615144608,326.6360565856558,325.7052699101917,316.837661644333
2020-09-09,4551.751461236892,3398.9599609375,45.740721231909035,412.7462216614735,560.9863403620093,357.04140442908675,150.30253448362433,23.69860976330198,417.6132932554273,349.95797342859316,132.68180479355894,416.85551032666,690.5826601660873,335.81749323003817,336.08252586003005,321.6443682450923
2020-09-10,4474.670002000381,3339.18994140625,44.73366151620601,409.99149681425666,544.9390844642357,351.6564196159268,147.94795597830046,23.60889660464205,409.32704798537293,352.4401729348089,128.9642788037383,416.4606172239153,668.6811628267469,330.2079219635622,332.7270970502528,312.9841882184166
2020-09-11,4436.784919278213,3340.969970703125,44.94809407072074,405.764688538285,534.8318642098972,355.07627517352404,149.91732621500708,24.109405861098175,412.9897992808281,353.67315299670264,128.1228138116536,409.312952640475,660.6836364100694,318.22171797543785,327.7512600410967,311.3819320534172
2020-09-14,4551.25999104924,3383.5400390625,45.72540441220193,418.29875621194384,532.557787839357,361.23537978669947,152.26106007939805,23.94414250413616,423.1974840984383,357.8263750527197,128.9894025962324,427.5178048712419,699.1233026774746,326.7918830901401,336.4262382157614,317.36496961349565
2020-09-15,4634.7056990774645,3401.199951171875,45.987698011397455,428.42243636038125,541.6815387818415,370.6697084796439,154.93572933763073,24.10468307309636,426.4999339838483,360.76283167411503,131.1056269726911,438.25906598500774,705.5729047152719,335.7215831138978,345.28128949642985,325.70066909221254
2020-09-16,4542.367470348022,3385.489990234375,45.838362670984054,409.7676657328955,528.2894111877171,366.86705070690044,152.79274550577583,23.981917603287204,420.5554875415244,364.7213791822426,128.76333637338223,427.67576813802225,679.6929897846296,336.2729382552339,338.58681578222047,318.56160188320695
2020-09-17,4524.327310078563,3357.010009765625,45.34057917673427,408.304199275348,516.3835285977026,377.0840405310765,151.8867130084174,23.86859410704994,423.1374262283087,361.1035368880778,127.41950093252842,424.753492895204,676.9230852704785,334.3311790617964,330.4028552586006,323.38857884723876
2020-09-18,4470.348455276222,3319.469970703125,45.21804461907749,402.49341830119454,507.1464760907662,371.7671267527156,149.29885054775883,23.821377034327003,423.7979253675372,357.355903310268,125.83703737257743,428.11015958956517,662.0278974330712,328.062417786562,323.9702492997933,321.441571771008
2020-09-21,4506.856725084131,3281.06005859375,44.78344191060024,409.4577700244758,508.1007400807183,360.9035919054131,147.75806714340098,23.1792147584862,439.8899987573416,351.09361621654216,127.18714897059509,421.9497126987804,679.8423705370085,328.80555658118703,330.5992623190185,333.306233180563
2020-09-22,4574.054486260134,3315.570068359375,45.35972301032966,419.0476971118786,537.0235622979992,364.3829771665933,148.2788913721422,23.44835603568185,440.13018442712763,351.09361621654216,130.2516000843594,420.6070701237659,686.387029286583,335.70958520463233,335.2150280425636,337.1191658799343
2020-09-23,4447.447249316465,3236.919921875,44.159293923420734,404.9382737112453,514.8612064312431,355.1017953212004,144.6113828189769,22.76369767390406,438.20874487957184,348.75742262124356,125.96262758928988,406.31171082847277,658.4704393600541,330.2558770216324,323.8556868397047,329.1890902965055
2020-09-24,4463.549194734011,3246.590087890625,41.051966064440094,402.5967431419215,518.2817488169355,348.7895438604735,144.1502455071258,22.99506565316453,439.6498130875556,350.62311971893433,127.59532915230972,408.44416973738913,670.6500052868099,327.7148076287887,329.829968031761,331.176669046401
2020-09-25,4569.488334428392,3298.4599609375,41.092173081344306,413.02170202757134,531.2122060570908,357.46675753135565,145.69644295359822,23.004509427952293,439.1694417479835,353.9651648185369,130.50279009970365,417.6058283117637,699.204768019826,340.0486217746864,341.2711538349492,336.22677474202874
2020-09-28,4654.794140082637,3351.60009765625,42.65253720652378,420.53698821179444,544.7571482982406,363.6939072178372,147.7472059457644,23.26892791714613,450.21775350447865,357.3396639278398,131.5200833115696,428.82094909745814,707.9626652565178,348.5947544918661,348.0474721494878,339.6340835461119
2020-09-29,4680.41040140943,3335.469970703125,42.901430414341,421.2428705269462,539.750719221949,363.4301903713499,147.6278486686879,23.098943573398167,463.18745899779714,354.7763417749514,130.1511240782217,430.9139397859888,718.3227694755894,364.17681967642784,347.5237116632182,333.306233180563
2020-09-30,4724.389535363807,3363.0,43.26711181621327,422.1898178658738,540.411505343032,361.8734094401028,150.66602035696837,23.31142400308312,464.20821373633845,356.09046923867396,132.07896792057144,436.95589163037897,734.8744054617744,373.13051551871644,350.24076757570623,335.0910154563742
2020-10-01,4807.372205137309,3380.800048828125,43.11203011219814,430.006409058563,552.8597186093417,371.7500960132693,150.61719463771487,23.221710844423193,471.4736584571192,356.2526897768632,133.4165272042614,458.91227352983924,739.4367132560637,384.08592352177817,355.33119202041644,336.8960680954579
2020-10-02,4713.589725569158,3348.419921875,42.57978304326123,412.3416180835342,536.3387666368159,368.9682960705684,151.5340717760062,23.30670301629717,467.0303380929087,361.2495427989949,129.47921114875447,442.05009400249935,709.4426327882686,397.37861935512916,347.0817708018124,324.80827795430696
2020-10-05,4833.986446047864,3408.60009765625,42.78847215555888,418.7808337169881,549.0735859315472,372.05636374687924,153.04773529968,23.316146791084932,484.9837931601394,366.7655609557069,132.1103678702294,450.38246802258624,740.9574548960923,410.97097028818325,354.59464056838374,334.15805264480394
2020-10-06,4762.1457626470965,3360.969970703125,42.18730085863234,412.33302738358054,532.0411846632738,370.76327370062637,149.99328837164833,23.10838734818593,455.32157300791755,363.5532823845933,129.30338292897318,451.0142909612953,746.0628373479896,406.66792744592556,350.83001373242547,328.9659925120292
2020-10-07,4847.800282141076,3419.43994140625,42.780812285013006,424.53134843519763,548.4711685528022,379.78928003074816,153.42208237066066,23.401138962958914,458.1436973644878,367.4307072460481,131.76498758783066,452.15950204914367,758.4188838917722,421.71059881942506,359.3249687520174,326.4511057929711
2020-10-08,4840.53665749208,3446.830078125,43.194357652950714,422.54277215907655,547.589016986083,373.62166004784956,154.36064879081772,23.82609802111295,462.4068899290419,366.3275184677994,132.23595808694185,448.01304914929307,751.6162377457177,430.9399905218775,358.5065726996554,325.35588723386167
2020-10-09,4895.916887722436,3477.139892578125,43.78404206544309,432.2876733719429,564.0824815968186,376.26734388244523,155.12020413041563,23.991361378074966,477.5982785098318,364.7538331919429,135.5201896844731,443.78762968025853,747.4885222762408,438.6950659653537,364.71002876281995,327.8302332263746
2020-10-12,4987.959141336171,3534.219970703125,44.14780703898657,439.80295955616606,590.9045738089951,378.1559126949787,155.65730359890802,24.123570622671885,487.6858475871828,366.8304442199514,139.0304875048545,435.5737507065663,772.6487161838406,439.7019027108771,374.7108045462366,338.98506055595533
2020-10-13,5003.850402892757,3511.929931640625,43.916147079205246,442.7470738711684,591.0247053124285,374.455361474434,157.52902239710758,23.712776326091554,484.26328196151366,368.84217198371545,139.9473142925021,438.9698856213132,773.8571878238895,448.0203312049548,373.4832104676936,343.08193307674026
2020-10-14,4958.045074349137,3488.669921875,43.92571753531062,435.8602223462458,577.3081765674211,372.3796362584425,155.75495503741504,23.66555745215275,481.26102980528697,369.2801897164668,138.69139296153895,433.4807600180356,765.5473914072323,447.01349445943134,371.2408132763707,342.63573750778744
2020-10-15,4951.484972876021,3483.340087890625,43.79935888515019,431.41819996012026,573.0071586736553,371.7671267527156,155.99910019038632,23.604175617856104,479.03934671781553,372.5573515518249,137.93784207934493,439.0093538416989,758.7447452611779,450.573398507064,373.2377016421712,340.79011319503905
2020-10-16,4942.5351160585815,3483.81005859375,44.04442215769447,432.8558417752995,561.689991682957,372.0988886725089,156.064201149391,23.623061366215758,479.3395902577312,372.1193090639174,137.93784207934493,443.1163083927513,750.1362702139668,457.6332536349936,370.70066888475594,341.1754667270546
2020-10-19,4888.519933250387,3426.919921875,43.31497578227871,426.2961199012113,550.4483311342494,367.87087779749663,153.93206195846898,23.42946848610633,480.5404727959289,366.65198429933395,134.52173452601804,446.23601512273564,733.0956764252659,459.215441340384,367.24703654476974,335.71973713613875
2020-10-20,4990.729007707959,3443.1201171875,44.10951645041115,425.7623668401767,552.1302978867157,369.89556271813535,155.18530508942032,23.726941087665264,556.257275840825,369.00439252190466,134.79175301285383,453.58114132175456,741.1203855807951,461.0852862362121,370.56972251932217,333.50906060176686
2020-10-21,4979.685598237271,3435.56005859375,44.62836312796976,426.9503529316264,546.6261631955715,367.30940858712256,154.35523474870314,23.604175617856104,553.5552672245138,370.20494332925426,134.88595286182766,466.21790138005997,734.5621354617947,450.765182160353,372.2883592243754,333.73215838624327
2020-10-22,4930.273375427421,3453.489990234375,43.67874075582219,416.31017993582276,545.1604499098718,368.4068268601943,152.53775571187168,23.929977742562453,534.9412672073224,371.76238922268254,134.94246702206036,460.9262675207735,725.668490279252,452.27541898914234,368.556475223642,331.176669046401
2020-10-23,4981.42092782886,3465.389892578125,43.97741143664899,420.5283712405871,549.9660452589377,370.5676278889382,153.53600904891886,23.854429345476234,528.5164494254266,371.048574295369,135.78393201414505,475.0636635492862,738.1195935348118,465.84381068265714,371.1262508162821,333.4887592913748
2020-10-26,4873.568095341497,3400.969970703125,41.97286830411761,409.07899108890473,550.4191677138135,353.5449884284603,149.76000441631365,23.51446065798031,515.3666161324517,363.84531896158364,131.92197775420104,470.95670899823386,713.7333618166521,453.5819474133605,361.1254500574,334.7462335980233
2020-10-27,4942.847829864953,3390.679931640625,42.24665170913194,411.97145611917045,564.0275906761707,345.2506029342173,150.19402184748068,23.561679531919115,522.6320608532324,361.7362539238748,133.91261191394733,496.7041189151858,727.6101500004632,458.71204125711813,364.8573340581334,339.4312561249081
2020-10-28,4756.610814878256,3271.030029296875,40.96006806758215,393.385568718836,542.8228928181243,331.9030205081007,146.33121041730135,22.645653190880846,513.8654900543382,348.3031655060639,127.27506308048574,468.0344337554156,685.8031390835954,445.34739454716606,356.5260682392001,333.407646891165
2020-10-29,4807.3044311182875,3310.110107421875,41.43870772823655,396.94950072193154,551.100527454773,334.6933358205248,146.28238469804782,22.67398451524413,510.7431221578524,348.72496861154326,128.55610820394298,482.25082648152477,707.3652251212063,447.1932802034549,359.2104062919288,330.12205310807576
2020-10-30,4671.459468380235,3269.9599609375,41.52869221815035,384.88891985336335,521.0895660632115,333.0089541508956,144.69818961655105,22.692872064819653,508.2812992113273,345.5613834325581,127.14319670660943,461.1631973567378,680.7520806722996,436.4056966141429,350.0443605152883,314.20105990428095
2020-11-02,4676.894454020902,3310.239990234375,42.15666721921814,383.02946678908376,515.6541078750765,332.49852523587435,146.88458512554487,22.95729055401349,510.86323789811155,344.8475437500884,127.05528259671878,469.8509962591837,683.2912219659244,432.22252312756484,353.1869983593025,312.3960072651972
2020-11-03,4799.288173299956,3369.159912109375,43.21350440793075,390.8460317105193,523.1937319885398,342.58788836017527,150.4815621208872,23.30198022829536,529.2370064347846,351.7263332523392,129.62991557604167,480.31579905977446,707.1208290941521,442.45875157554076,362.9422902926622,322.23254919831163
2020-11-04,5042.257299260247,3443.43994140625,43.636620231973836,419.43509301865697,556.2751071146986,375.71439004179433,153.38410129234,23.21698805642138,538.4238907031212,348.5951773278982,135.88440802028273,508.19569801405527,749.1993773398239,476.36769632107075,381.87996195707655,332.048789821034
2020-11-05,5138.010811609638,3510.449951171875,44.79875873030734,427.3893981231414,570.1495624856008,378.2239837297779,155.082223052095,23.34447631423235,562.562023693194,350.9313709231968,140.2173327793379,532.9953584587374,769.0641582461757,447.39706176600936,393.7467047163254,342.1083985915053
2020-11-06,5181.040855001327,3509.43994140625,45.239104881001666,425.80542542495965,568.3251726497127,377.5859540763746,154.2087410342389,23.349199102234163,564.0631497713073,351.33695940140404,140.48736084809306,523.4782750020039,790.8976987383867,465.20854333444623,395.74359308212587,355.31167765503824
2020-11-09,4942.419792019275,3550.5,45.991527946670395,405.5839160417068,539.5550812765249,366.22902105349715,146.466842934129,24.822393746023383,455.8619564068868,345.91830327379296,137.1403293512459,541.8805888483495,740.3192406525031,485.5011779073829,382.66561517421377,324.4837974063482
2020-11-10,4788.217247455458,3545.530029296875,45.702430643333614,389.1071111581277,520.8956460778994,368.262221343859,149.50501462240948,25.488164558225655,469.131905440121,346.0805485671383,132.50597657377764,522.1356324269894,693.5698194055427,452.694943444525,358.9976153261657,314.1402178673437
2020-11-11,4960.731330346461,3572.659912109375,46.47591104954187,402.6656000978191,538.4652241421325,401.3461721383553,150.68772619553786,25.299294466118038,497.4731731246182,353.70560700640294,135.98488402642042,526.8349416963651,728.7642561628086,457.22572708887634,368.1145343622362,327.6882787892275
2020-11-12,4913.60492480478,3537.010009765625,45.595212905383924,398.2149607404862,533.8124015386259,392.7880697976251,149.86850049575355,25.03015138770652,491.4686688121648,345.6749600889311,135.2878473044591,518.3445742810853,730.8689294429265,455.4517923091886,366.2485923618695,324.95026333857356
2020-11-13,4944.759140171096,3585.14990234375,46.29019862749719,404.034358685847,536.9926809174514,402.5967112974855,150.3730660414473,25.237910830605525,499.3346006127768,346.0156405477377,135.95976023392635,519.6872771129248,722.1924975485862,457.53738009784496,370.29147085857494,328.21558675839015
2020-11-16,4961.141527146787,3626.909912109375,46.89711336664081,396.8117868101363,537.3788448294299,402.5967112974855,151.67513489165216,25.426780922713142,497.8934865940607,351.61275659596623,136.41189267962662,532.4425020892123,734.0461606688345,454.6726597867672,363.9243505702173,329.3513460440447
2020-11-17,4934.757796703728,3609.530029296875,46.68077022656659,402.8377818944436,538.1683103530396,406.65457054699306,147.82316810240567,25.346511538840975,485.94453583928345,350.44465979831693,134.67244853522456,518.7000292918568,728.9951436946407,457.4654658002355,362.0584085698506,328.9659925120292
2020-11-18,4906.697663296611,3567.7900390625,45.89771352148366,395.53770982037435,532.9851408925547,403.4729376496997,146.39088077748772,24.841281295598904,486.72510490803876,349.6497222243307,132.54993841968263,518.7000292918568,729.348187802898,455.7993658879702,357.131673325799,327.66797747883544
2020-11-19,4969.455219330033,3581.8701171875,46.562065604182735,401.512055619945,534.9691753144494,407.74347345034164,146.9876671628702,25.086814036433086,503.1174218377588,348.9845511788333,133.3914034117673,522.4910271809359,729.9727278028574,470.6263309476331,362.18935493528437,335.82115084674064
2020-11-20,4940.8664256740785,3557.5400390625,46.60801606330403,398.5076750489987,531.9450626999406,410.7124557579936,146.38003613655485,24.86961081874632,502.6971083683163,347.32974325630414,132.11664402739325,515.6198209106707,710.8276264824461,470.71020657551634,357.6554338120686,344.886985715824
2020-11-23,4976.903868812762,3577.590087890625,47.13643319696801,396.5190725016239,531.771716334505,413.5878468831701,147.24265695677437,24.874333606748134,489.06685792503697,352.05079908387376,131.94081580761195,545.8690483530071,713.6654049695228,482.43271261274236,353.54709462037897,347.19907596079776
2020-11-24,4978.059265726796,3635.409912109375,47.86396606543962,398.31828558121316,535.1476755602207,408.35598295606854,148.2788913721422,25.12931012237008,495.67184931732163,356.4473890799088,134.29566830316787,547.6066141591788,703.7669929399116,480.02351048484365,352.71233963813734,344.44079014687117
2020-11-25,5047.303333086076,3629.64990234375,47.7356909869504,404.67138404510115,546.648496677026,404.5703559227714,148.63153260455337,24.992378089771346,516.02711527168,355.8471012986559,134.30194446033173,548.9492567341933,718.8115615296978,488.04228387921825,355.21662956032776,352.8576020257979
2020-11-27,5093.800801614247,3638.35009765625,47.886939834307945,410.65434681587914,548.4111237518185,402.82639262657324,149.7328679789259,24.883777381535896,522.0916316435307,354.20853275855495,135.15597134866346,551.3976723050829,720.2508378273749,499.54901044462434,368.965673249823,357.7860236475512
2020-11-30,5125.7722963440465,3621.6298828125,47.6897405278291,411.89398219206555,543.725659906186,402.19687834289306,150.50326795945668,24.36438057550425,542.2067577388356,352.76463876634347,134.4275442589635,549.7391031965077,727.8681373969433,499.9205798419369,372.37020382470473,366.101421815876
2020-12-01,5143.435650679774,3662.449951171875,48.29857169530151,412.47935826658306,552.6572088234702,406.0846119283889,150.06381992947132,24.572140018403257,529.7173777743567,350.65557372863464,135.77137969981734,565.9299313079279,727.2435145227801,498.2784757482025,376.4949269217395,365.18876031469784
2020-12-02,5107.877070115792,3669.010009765625,47.79887177272294,414.2957790173333,549.8167503350684,404.94466872968746,147.07990455926264,24.605192329552484,519.2695530976928,342.08954704931045,135.2438854585541,548.6333302006325,735.6348591559924,502.9411266574989,367.8199237716093,367.7036779808754
2020-12-03,5136.450353234307,3666.719970703125,47.850562752676666,416.8955560103403,546.9333847453356,411.3334546719506,145.47402019590012,24.92155067947107,520.4103777657609,343.14406719058684,134.53429642226507,553.4116361676047,727.5694587663894,513.584881651592,383.7786467926681,366.60845942176604
2020-12-04,5188.865757500635,3699.1201171875,48.52257470592161,418.3762301390488,542.7885755173528,420.93793499039975,143.2225071711979,25.426780922713142,524.3133147310022,341.894872501421,134.60964863590868,574.1438404100327,736.3816386065809,523.9769000250606,387.7233217591646,366.5476173848288
2020-12-07,5215.0016136607,3691.9599609375,47.72994754473332,423.7565828928946,542.0025040125007,426.7482729058286,142.49010482569145,25.02070941413463,530.738132512898,338.89350786062505,134.56568679000367,576.8291858168866,739.015795174881,523.797114281037,391.47156468977767,371.9425049388074
2020-12-08,5222.450620877051,3702.25,47.83716236129836,426.3649768571089,545.313222655431,433.8346441665711,141.990969878816,25.110422572794555,538.363878643724,338.08233090421055,135.64577990118556,574.2623053280148,725.0710501439404,527.4049733867398,390.8004739327291,372.3684301444876
2020-12-09,5118.500437095393,3672.820068359375,47.245564441861845,416.43068617645696,532.7688874257881,423.923922076005,144.0851279914174,25.18124998309483,529.2970643049142,338.5690420290905,133.0020708653829,566.759245990628,702.3005339033828,505.41028175273317,380.99610520973044,372.53065494490727
2020-12-10,5159.947145752068,3668.10009765625,47.12877624780678,410.51660663283025,532.3037811515952,431.231485257605,143.6673858000015,25.049038937282045,538.0035772336787,337.514497132658,132.19828198012004,581.7654249222267,704.5545464987775,511.7989123836472,383.2876041661578,380.9272274076809
2020-12-11,5178.393062109307,3663.4599609375,47.065595462034246,409.69019180579056,534.8661815106688,435.48501628029373,143.52632268435556,25.190691956666722,539.1444477124792,337.0602400174784,133.9188880711112,584.8851015237984,706.7813763553206,508.0832184105219,386.9212846366823,385.77450568210486
2020-12-14,5224.021053993662,3647.489990234375,46.667366913803626,418.73780140345883,541.8257217268413,440.3595721784325,144.0851279914174,25.152918658731547,536.7426368253514,343.8092382360841,134.50917262977097,571.8534182343359,722.8306289179715,510.58833065456093,390.96416313338773,395.89495648951345
2020-12-15,5266.890857426403,3694.6201171875,47.29917185014436,415.4837651087831,543.2245183711098,440.946561536483,145.38721339832597,25.422059935927194,542.8071990079344,348.5789627006261,134.4652203657853,595.66583085795,725.6413075404001,509.7732409833348,397.3149244918657,394.88088127773335
2020-12-16,5310.9194253465275,3701.169921875,47.375753027295204,421.73356500319784,556.240789813927,444.41740546644695,146.26067885947836,25.053761725283856,549.1119010495711,346.85927151385243,137.69921396024773,607.7497345467303,719.2324796108805,507.36403885543615,406.08813117220484,395.73270074197427
2020-12-17,5354.596173076353,3722.47998046875,50.634332655018035,426.43383381300646,555.4032633086507,448.68796722858195,148.63696320337166,25.152918658731547,562.6820936227208,347.58932582359427,137.78712807013838,587.4124535354596,724.5958494592579,529.5504775637401,409.67268490215935,400.3568812319218
2020-12-18,5395.613175430563,3709.409912109375,50.9751238596932,432.96775731598007,549.4940671442973,444.05160802925406,146.72726332685147,25.374842863204258,569.5272248740591,348.93588254186096,137.26591956795835,612.3701073753346,720.8346865932605,527.2011918241853,417.3819867046141,412.50551341001
2020-12-21,5386.744926350348,3694.919921875,50.05039460612739,429.04225404847443,550.27154884859,439.16004735316204,147.02021764237256,24.935717242260647,570.7881652823864,343.4036497578769,139.77776222988467,608.7369823677983,724.1069745309458,534.093259117357,416.1380336961914,409.21991962692084
2020-12-22,5426.047344589903,3687.260009765625,49.677053333709246,434.0180032243809,550.3299175909278,438.6411290299107,146.50482401244963,24.912106904683313,570.5479796126004,343.8092382360841,140.62551296105255,616.5165000183601,721.1741393320918,557.5143119522697,422.3741826436499,409.4024457377326
2020-12-23,5373.666540059149,3690.010009765625,49.28839816296865,427.76817705871247,546.6828139777975,437.3225447974744,146.38003613655485,25.063205500071618,563.2825348918196,343.97148352942946,138.79186896767663,605.7357706842087,706.5640801929144,556.6033487438949,416.8909440781038,409.32133333752273
2020-12-24,5368.744260022057,3703.06005859375,49.26159153744274,430.30768779577545,544.5237152303552,441.0486421271886,146.98225312075562,25.233188042603715,558.1787153883807,342.9493926426973,139.87823823602238,600.5626017429043,705.7222440305487,553.9184507558324,419.47707860062354,410.70046077092627
2020-12-28,5377.58036908179,3735.360107421875,49.71725742922881,429.5243315535187,563.6208112428496,432.5160599341348,146.07622062339718,25.573156730099637,565.9245314487335,347.2161913550873,141.26603552278118,592.6646191743603,700.6304529480773,555.6684262959809,419.2806715402056,407.9016032833351
2020-12-29,5376.279949345766,3727.0400390625,49.34966544179704,432.24461478715995,570.1495624856008,431.7419141726263,144.41607994196283,25.558991968525927,578.2337836135559,345.0909116901064,140.75737933492886,593.2174755438854,702.9794393810456,536.4904999149818,415.45058400926325,410.5990470603244
2020-12-30,5396.601514955081,3732.0400390625,49.30754491794868,428.2330468925958,563.9452123937326,428.7134021613914,143.9115309529728,25.705365974696555,584.2382879260093,343.2251898372595,139.2063157246358,600.2466752093435,713.9777578437063,536.8740672215598,420.5082656187486,418.5088522804806
2020-12-31,5409.567182994962,3756.070068359375,50.01018466783853,430.5315188771366,558.9816904187719,434.7449060361848,144.10683382998687,25.89423786802004,583.5777887867808,348.1247055854465,139.67101006658314,597.0480019101752,709.0488974459375,542.0760753629268,424.32196924434584,421.4293628948268
2021-01-04,5323.982988857419,3700.64990234375,49.100769312595176,417.80806173569226,546.9162051442169,429.82782521241637,143.18454264958095,24.912106904683313,591.2635469770041,341.05124153530625,136.70075880179266,592.0327661072388,712.2261286718457,512.6859163524828,416.8909440781038,409.38217537446
2021-01-05,5368.94608061289,3726.860107421875,49.380299081211234,418.1093667441583,552.3877404947013,429.6151486612819,144.34011778532155,24.638244640701714,598.3488638981283,343.0953985536144,136.83262517566897,593.4938736002354,728.044659451072,511.6670816976938,423.7491319684372,415.243528860664
2021-01-06,5238.047953138551,3748.139892578125,49.920200177924734,401.42596472163274,538.6351345873444,422.80949902498,145.16477408392416,23.854429345476234,594.3258570033604,342.3166756069003,133.28465124846576,587.6493833714238,685.1242336059325,496.09701442239754,408.70698355448394,408.73315238430337
2021-01-07,5381.909354012995,3803.7900390625,50.39118581080255,411.265547532765,542.7164630941198,416.93960544447515,144.45406102028346,23.59000905506653,620.1451980604706,343.9065755100289,137.07752945193002,603.6428101240905,724.7451887745349,517.4923592780062,423.66726239264244,421.87555846377956
2021-01-08,5434.078369487221,3824.679931640625,50.57498180451844,417.60146459674576,546.2417172437049,425.659344040987,145.98941382582302,24.118849635885937,629.5722679985931,350.2175312407271,137.91271828685083,599.4173605266434,721.0926739897405,528.7474223807711,430.14894514108875,426.78367877514074
2021-01-11,5378.2948278167305,3799.610107421875,49.84553542910268,408.2525499906114,534.4868894391377,421.6695558262786,147.15043611708563,23.70333255130379,612.2192542004614,347.55687181389396,136.5751685850802,599.8517519781864,739.816857228969,512.0026939462016,426.26975584504186,418.8941748653766
2021-01-12,5344.14240187042,3801.18994140625,49.47219415668453,406.02293496196813,535.6230895950849,418.785649331379,149.91732621500708,23.660836465366803,612.039126400805,343.2900978566601,134.96758123263513,606.4466204489266,732.389671082955,504.37944918867885,423.24168046111635,403.90614447315204
2021-01-13,5360.697172386154,3809.840087890625,49.21947101359438,406.36727228396353,543.3566336938602,415.96129850155535,148.6803583238069,23.68444500172827,622.7871946173844,344.0850354306463,135.85300807062478,612.1726457597559,734.9423623089037,498.08669209491353,420.88474578517025,404.61600950024587
2021-01-14,5277.231017024428,3795.5400390625,48.821245386748416,398.8089537862111,536.7626837697898,409.51295689421625,145.58251627534003,23.24531938078466,623.3275780163538,338.260790824828,133.768183643824,588.5971629721062,716.9377757814119,495.018226800273,422.1450577234726,396.4425657690681
2021-01-15,5233.606586280241,3768.25,48.562778801441176,394.3411067577172,532.7774772263475,411.1462982684926,149.51585926334235,22.99506565316453,605.9145521588248,340.54831578315424,133.53583168189067,595.7053593351608,698.4308058303859,478.2495391261643,423.7982337335417,398.0853626606127
2021-01-19,5224.979349714583,3798.909912109375,48.98206761159597,392.98096514089667,535.6110638743017,411.5036062974554,148.2137904131375,22.90535069328874,586.8202266127936,339.2179736921596,135.9158079699407,577.1055838732366,707.4330990941318,476.24782696539114,438.98766246734294,403.0543250089111
2021-01-20,5370.971549609378,3851.85009765625,50.09825857219283,404.37010530788876,560.088685252817,427.947745808113,148.81599084063456,22.985621878376772,602.8522421324684,346.5834743192903,140.87669339447746,582.9896025792589,725.9264776757319,489.96004725412485,447.5480532064536,419.9285513875488
2021-01-21,5405.703753725913,3853.070068359375,49.384126095099525,406.3414476415952,567.5734184456322,417.96897864424085,151.39300866036024,23.113110136187743,630.0526393381652,346.4212290259449,141.27231167994503,570.5897723569178,753.1777534940238,484.8779084684374,446.63145362388263,416.90659611548114
2021-01-22,5383.322201627305,3841.469970703125,48.777211355955906,406.70301890600524,565.0401815069946,422.08639355882434,154.07853911622954,22.895908719716843,625.669331033352,346.1778858410831,141.88771044917956,556.8077710823516,744.7593089961636,491.19462480174195,442.16304314658197,415.08127311312484
2021-01-25,5391.117172117188,3855.360107421875,48.25453474312436,407.5638753466206,565.343967136535,434.77891559209127,154.66446430397542,23.03283895109971,628.3713854603955,346.1129778216825,144.13581078143395,550.5683576223828,741.5413036619778,491.6980614639995,441.3282631888748,413.72241604299387
2021-01-26,5339.5875836085515,3849.6201171875,48.43642015128075,410.0087044854177,570.8583676868843,435.1872639164069,153.31900033333534,23.273650705147944,616.062133295573,349.42259366674085,145.89410256116625,546.6193663381108,729.7011490369515,470.08693713657084,435.5340051518913,405.18388914307315
2021-01-27,5178.180622166911,3750.77001953125,47.11728936337262,395.9939626830503,554.8025638900175,399.0407655932761,148.6803583238069,22.914794468076497,642.3618915029876,335.8272599555846,146.2520351578927,519.4898154973462,701.5945285610719,451.2326250948142,416.6126924173566,396.2600396582564
2021-01-28,5287.036086620403,3787.3798828125,47.737604493894544,400.87503026069083,555.6675777570839,417.82434716641245,150.85047859304956,23.207546082849483,643.5627740411853,335.5352481337504,150.0386372041931,558.861263422084,708.8316012835313,463.61439429878203,424.19104785437753,406.2385360285179
2021-01-29,5194.582519151121,3714.239990234375,46.317002331638456,394.93509980344214,550.2749847688137,382.91135726296557,146.92799680268382,22.735368150756642,629.9925814680356,337.19003130112344,145.66176018115226,552.3059234285545,705.5050307423463,455.1640985397593,418.1185381566468,406.5427462132041
2021-02-01,5313.080819408989,3773.860107421875,47.39872971754818,404.6025270892036,573.7331434760576,384.5021996731053,146.52109925220083,22.89118593171503,636.1772135801455,337.3360372120406,150.49076964989337,576.355265888133,718.9337181061229,475.1930717407892,431.409307030322,407.5365510617116
2021-02-02,5445.787657742397,3826.31005859375,47.62464623511242,417.4551074424895,580.1040099943801,394.9573602345991,147.65498510607566,23.11783112297369,659.6548474309898,340.30494784313623,150.40285554000272,592.704087394746,736.3001732642294,493.91551651760085,441.5410541546379,420.05023546142326
2021-02-03,5366.605328570963,3830.169921875,47.55189207184986,414.8639474206899,568.5242465153606,394.41292176367136,148.7454758395153,23.02811796431376,655.3916548664357,338.6014960387908,152.5944417120244,545.4346569014642,734.8744054617744,497.99081855776484,434.09362010758525,410.49763334972243
2021-02-04,5476.026863332002,3871.739990234375,48.44024716516904,421.28592911172916,571.6942181335148,406.2547375924006,151.26823734116917,23.14143965933516,658.6941047518457,342.36534424387264,151.9727572037067,594.8365764320749,742.1387437972893,513.2013143450141,442.0811735707872,408.65203998409356
2021-02-05,5554.676877993079,3886.830078125,48.541718539517,423.644667352214,575.3241421455264,406.56952069573373,151.28992662303492,23.443635048895903,671.603798185767,344.8799977597887,152.09207126325526,631.1278159756266,738.1603676430894,520.4649510354981,446.71332319967735,420.82094252545437
2021-02-08,5617.546690904575,3915.590087890625,49.26350796577153,425.0564845250249,570.3108831302533,406.3653335528294,151.92469408673801,23.571121505491007,683.4326790110174,343.2576438469598,152.2616233258727,627.8896141992475,784.2037006735353,514.7835020504045,452.54029909642026,432.6856039350094
2021-02-09,5606.387872210541,3911.22998046875,49.33434570070529,427.0278268587314,567.2318795950965,405.7698547865488,150.15604076916006,23.46724358525737,697.3030693133504,350.3959911613445,153.07797410738263,627.3762260501081,774.6719241216073,519.0265919253266,455.29009784413313,406.2588063917905
2021-02-10,5655.360403668152,3909.8798828125,49.19267023083777,424.1181541573046,564.0704977775016,401.5928842068893,151.19770578334618,23.420024711318568,695.3216177063973,347.83266900845615,152.481413391559,675.5539679236865,801.8824258316215,510.25271840605313,453.1786220427785,405.26503249040246
2021-02-11,5689.941512987316,3916.3798828125,49.58132540157837,427.51852133498295,559.8741497461623,400.1126377571784,150.3133791245572,23.750549624026732,712.3143300944839,347.62177983329457,153.53010655308293,679.7398890439229,828.3054568569736,488.2220696232418,469.26831640473654,399.78900158909454
2021-02-12,5692.248910542568,3934.830078125,49.29414160518573,429.4296236839991,562.548133709576,403.0475845474308,150.55752427752847,23.9346987293484,712.0741444246979,347.02149205204165,153.8440868858237,669.4724876020856,812.5819827895245,495.0062654699992,478.0905998747147,405.3461448906123
2021-02-16,5648.025420063276,3932.590087890625,49.2137275713773,431.8400374804743,561.044667202881,396.5396872750157,149.40736318390245,23.736384862453022,710.3928905469281,348.8547598951883,153.03401226147764,651.0307055353544,832.6232857500049,467.44995762758685,475.76638305852794,397.09155781210524
