Date,total,SP500,AAPL,ADBE,CRM,INTC,MSFT,NVDA,ORCL,QCOM,EA,FB,GOOG,NFLX,TWTR,ZM,MA,PYPL,V,AMZN,NIO,TSLA
2020-01-02,3257.8500976562495,3257.85009765625,128.3267153466797,325.78500976562503,32.5785009765625,32.5785009765625,325.78500976562503,325.78500976562503,32.5785009765625,32.5785009765625,32.5785009765625,32.5785009765625,32.5785009765625,325.78500976562503,32.5785009765625,325.78500976562503,325.78500976562503,258.7384547558594,264.50484942871094,325.78500976562503,32.5785009765625,32.5785009765625
2020-01-03,3219.6870337760106,3234.85009765625,127.07911846192981,323.2327412683844,32.41852368131089,32.182246122122585,321.7284163193616,320.57049921857174,32.46376520945655,31.965057701848156,32.536010102629334,32.40611964288556,32.418631687536376,321.9227236291424,31.791776778628638,318.95830427810057,322.6064912227991,254.0893443970405,262.40122617909725,321.83028913066704,33.54184282125059,33.54390592324748
2020-01-06,3259.9770229454666,3246.280029296875,128.0917160400751,325.0836205067214,33.83879698832869,32.09121578847517,322.5600254036901,321.91485323987376,32.63284889162295,31.77772140596776,33.015552611965305,33.01644363983151,33.21798104107351,331.73153107827756,31.91281038271333,333.3702179911378,323.465563573668,257.38343193398435,261.8337923172192,326.62092285283126,32.22819485122138,34.18978240678825
2020-01-07,3259.470732608465,3237.179931640625,127.48929480255941,324.77191506953216,34.33628350955244,31.555737470019302,319.6190013450194,325.8121537817765,32.70531201051654,32.681352935674646,32.8971848466402,33.08787958298946,33.197252827878756,326.7135404554773,32.82057203232079,340.86062693782424,322.37025042259256,256.21531249942063,261.1418059835378,327.30406886850415,28.374823296490618,35.51636393013779
2020-01-08,3299.9376125578233,3253.050048828125,129.5401243502823,329.13608847719803,34.59575691829856,31.57715709300258,324.7100149783134,326.4232463957752,32.687196806683396,32.58584634399664,33.23104270564892,33.42332472468499,33.45885817661478,335.11969440812436,33.33496773537241,343.9421279520054,327.621225712077,261.23822963286216,265.6120317861506,324.7482638186401,29.688473354509036,37.26394118758354
2020-01-09,3321.0529880658596,3274.699951171875,132.2916620341052,331.64941237522856,35.03861777208898,31.753863875895426,328.7666084245768,330.00822498695226,32.83816298145564,33.026644057698874,33.19158755573354,33.90164412236215,33.82839449092641,331.5636226326416,33.50643553478222,344.2739796815864,331.9164891556434,262.9904087847077,267.4527179678729,326.30681900296764,30.301509073856,36.44618355477749
2020-01-10,3317.1968273600346,3265.35009765625,132.5907342804343,331.0259420434468,35.155671497928004,31.561091354421283,327.24538588222805,331.7735599060778,32.88043332610699,33.155209006589054,32.957885433522165,33.86437165006296,34.064269167270965,325.03427512826124,33.06263924049018,346.50210634070123,334.13929585255124,263.8314562035206,268.17238966787073,323.2360772434613,30.739391730532404,36.204642404557184
2020-01-13,3375.333296319064,3288.1298828125,135.42345188341162,336.695502742193,35.867760981836696,31.90915307849267,331.18028647699987,342.1754162634099,32.95893638198564,33.416012989339336,33.33120075802522,34.46227148957585,34.29061299548318,334.7838473717097,32.97186307552943,350.9584319971826,338.4774883359665,269.3216139811524,270.3313836501173,324.63327469663017,32.40334791389194,39.74143925613104
2020-01-14,3350.8441736138475,3283.14990234375,133.59479140772092,335.7213526453102,35.530248778988955,31.82347662924724,328.84775762513914,335.7930706825311,33.14009533100013,33.26540633313534,33.258359590651075,34.019670063477655,34.09166926499901,334.55664343010153,33.102985057714704,346.83399423940807,333.5701747570891,267.8264225308379,271.3278456600383,320.8810841005476,32.92880710190362,40.73031838400611
2020-01-15,3378.259727172568,3289.2900390625,133.02226826763874,334.0750366032822,35.32345118415198,31.561091354421283,330.977444424946,333.4709933435787,33.06762990854552,32.93848283345501,33.26746444712547,34.344243178794606,34.28989752748179,334.93201074878345,33.5165200652939,364.75405997503384,337.4466342851832,268.3170305544641,276.517743162649,319.6074873818424,37.570367438651914,39.259870487244946
2020-01-16,3404.7278665949248,3316.81005859375,134.68856890502062,336.4519652179723,35.64145294425541,31.946636397369566,337.0420627688765,338.03367453178305,33.472220454786864,33.71722349924163,33.76825239342802,34.44052980648441,34.58771835407681,334.4874904724195,34.484796593149255,360.8192207749121,343.9432071354736,269.6019690621194,278.1093032830175,322.3400714445341,38.27097968933416,38.88052286666911
2020-01-17,3424.1710639229063,3329.6201171875,136.17970554723377,340.6992453706045,35.55170907525745,31.91450696289465,338.92839481505194,338.5089641825325,33.291061505772376,35.230624218692945,34.27510947218718,34.49798946115482,35.27127822764909,335.52469440222103,34.515057879862105,358.21178849311434,347.55124546860424,271.09716051243385,283.2992007856282,320.07092203938913,40.89827980537099,38.65412569725102
2020-01-21,3438.6452921518317,3320.7900390625,135.2568283391016,340.9525339089786,36.14479200292733,32.42321177396526,337.71140440143216,336.6893205104811,33.34540942083282,34.72738107303058,34.11728655694671,34.38928104569768,35.36681938149329,333.98370484522616,34.38393589767683,363.75850478629087,345.6935322319684,271.35414821396495,286.8836849258388,324.7534182144153,45.27711054811344,41.43298407345046
2020-01-22,3422.3252906970056,3321.75,135.73963110917063,341.0109805364954,35.65315801915175,33.590554671614065,336.0887608330564,339.6360624715079,33.043477071288336,34.150673043004026,34.32366947857696,34.37064599438095,35.40374741894717,322.02150926223914,34.31333264132835,358.11698921428797,348.2492192241319,269.83558938421453,287.72790909764,323.9741406222516,41.94919818139436,43.12604242232441
2020-01-23,3454.033181116964,3325.5400390625,136.39333416840722,342.66704759267685,35.893120985153566,33.90648696121053,338.15763215646933,343.3704160340099,33.20048087948462,33.79436246857574,34.442039559481024,34.1283784789348,35.4204271302804,345.3335018513562,34.182210659143074,353.04437782262073,348.96869026984336,275.4191988555019,285.8180411767472,323.47980054288183,43.087695176742216,43.325938347443355
2020-01-24,3429.926028852481,3295.469970703125,136.00025176835126,342.28711478511576,35.52829892546477,36.664201118333324,334.750077567945,340.1384961384088,32.6509640954561,32.93113746602087,34.09300539596234,33.84573659874623,34.94534183532463,348.8500533445717,33.47617424806937,346.07545533229387,347.56199411369613,273.2932307531218,283.71439680938647,319.5422612271746,40.8107011860465,42.767136142991625
2020-01-27,3344.9120693882696,3243.6298828125,132.00113023863477,337.9326626629016,35.255170588298114,35.17557204668607,329.1519897538682,326.17880520605115,31.81763016571622,31.97607995675791,33.55579570818323,33.36896933212355,34.16362324204941,338.69551125216935,33.06263924049018,333.93912217147346,339.07882259644504,269.22816228749673,279.13345065925495,313.8264553690136,35.11822456126406,42.25225234939204
2020-01-28,3404.4206911571664,3276.239990234375,135.73535436431317,345.4628536141382,35.67266846189606,36.04304430794435,335.60198942709,336.73005725533125,32.28260626044205,32.7474724526047,33.96249705014505,33.82244041493458,34.608210986344275,344.26666524613995,33.708156925727074,339.01173356314064,343.9109939704572,272.2185451881257,280.73886402165516,318.1021523815355,36.869755187969666,42.924630077231946
2020-01-29,3416.455831620193,3273.39990234375,138.57661241814918,342.56962663724823,35.4619681831351,35.518277843667796,340.8349677373402,333.4302358781055,32.125602452245765,32.40952950052031,34.056583654485785,34.66726416305707,34.75283150003996,338.9720929377545,33.91997054236142,348.82510461689407,343.96470442565743,272.5456350279646,283.5206414806656,318.9174688384692,37.395214375981354,43.99149940644991
2020-01-30,3453.4145979939794,3283.659912109375,138.37580099269186,347.51829604878407,36.22282782015334,35.59324448142159,350.44910534675125,333.7968873023801,32.19202793771532,32.24422930694233,33.88358443473533,32.53967637320883,34.686356960853864,343.4961855402139,33.50643553478222,353.3762295522018,348.4102850492137,273.6203027688726,288.15695836342996,321.0939438838018,35.731258192621816,48.52096210320415
2020-01-31,3414.9472011384646,3225.52001953125,132.24039325124056,342.06307928920177,35.56731683407777,34.233129062298644,345.276942512895,321.05934015677394,31.672703927929035,31.33692369226553,32.75453592033074,31.356303221281845,34.171484664845174,340.8785320614359,32.76005330648399,361.71997668482874,339.2613857117108,266.0742433789923,275.3690433146082,344.7878841022199,33.10396016457419,49.25996988047103
2020-02-03,3533.9373760495787,3248.919921875,131.8772219874744,348.74573468404094,36.174054690168184,34.49551229443692,353.6943924835028,326.3553449141506,32.05917696677622,31.766701953563704,31.880434965104094,31.710383414294103,35.40350892961337,353.630982564054,33.355140643984676,415.5750093396582,348.47471137924646,272.1951956327778,277.9155479542966,344.0120427739063,35.55610512995125,59.06017334857818
2020-02-04,3610.6937303809623,3297.590087890625,136.23097433009838,357.2597970176121,36.74372449116978,35.05241023587606,365.3367958666937,335.58938695828016,32.63284889162295,32.666659398300666,32.49655495271396,32.58626637116638,34.477405403569755,364.5066266184054,34.25281391549155,406.7097757506717,353.4142708933997,280.5355676825991,281.72147278954446,351.8167618077061,39.4970553040065,67.16656170203412
2020-02-05,3605.7863326821875,3334.68994140625,137.34184576797173,356.10055602402537,36.18771259546432,36.05910800383797,364.89056811165653,340.5187195707592,33.055554641697434,33.393974084531216,32.724185626889756,32.629749737349236,34.5050439906316,365.15857562267246,33.67789948660313,412.39867287752486,352.55523131279017,279.6945202637862,280.6834932890223,350.13464779457155,38.44613275200472,55.63014112839714
2020-02-06,3628.5490648019863,3345.780029296875,138.94832413277402,357.9611862765157,36.429625414990326,35.925238424224,372.45613717247124,345.257961187686,33.037437134303275,33.283773955479234,33.385832212450566,32.74467141635578,35.17216264220445,362.4717691862125,38.74118412061482,413.6786982409986,353.6075498834979,280.09167659375674,281.00180108954663,351.91289338419693,35.731258192621816,56.709884141085546
2020-02-07,3622.288190287679,3327.7099609375,136.7351347467423,356.6266054003786,36.2325830415255,35.35227678689124,372.9834831787188,341.64581785973456,33.043477071288336,32.111990273082235,33.10963921630603,32.974512404703134,35.24363964058725,362.29394298858125,37.349284207079684,420.22093355379224,351.137786511551,277.7320703451934,280.5866261835354,356.8992055703646,33.36668975858003,56.64249154904331
2020-02-10,3684.5986273630137,3352.090087890625,137.38456106112142,360.43553584663454,36.89589641857343,35.55040523545504,382.7395854650861,357.0992585053422,33.20652081646968,32.54543981684463,32.99127145098093,33.08787958298946,35.94530725308903,366.5414840505983,36.27005860565132,425.10391021868094,354.65990122446505,280.4888329237273,285.0845373524646,366.2761829382358,33.89214894659171,58.399909650012454
2020-02-11,3677.9622179436064,3357.75,136.55568096785981,359.73414658773083,36.89394656504924,36.09659540809022,374.0990525663116,363.7803747494941,33.30313907618147,33.05970241491105,33.094465227375025,32.1762786545382,35.94792772735428,369.1295048539615,35.95738814113346,420.4105682805708,355.3471591051602,277.63861865153774,282.2473891608214,369.17530008068974,34.68033981659845,58.6346399082374
2020-02-12,3710.1824125570456,3379.449951171875,139.79857491146674,364.6146480862982,36.962230137778704,36.1233668727878,374.6467013473757,370.0948188487483,33.65337940380135,33.6915105094636,33.30085046458424,32.7306927582025,36.173794576898906,375.3723830659043,37.107216998910296,418.51425718191115,358.82631200796595,276.98447462003617,287.0912934965914,370.7544309424615,35.64368374927574,58.09779257658325
2020-02-13,3720.5072769338635,3373.93994140625,138.8030582350388,365.15041874810305,36.80225284252709,36.11265910398384,372.61840462424396,367.7048193075483,33.39975733589327,33.07072186731511,33.0337623249141,33.10030374042252,36.08778427118704,376.74540388697756,37.48040618926496,426.0046661285976,360.63031478940155,281.5401511092874,287.0359227639586,369.0156814342845,35.29337762393462,60.877410606978955
2020-02-14,3769.1111035634644,3380.159912109375,138.83724611618607,369.8555803641199,37.05782356734923,36.02162468496107,375.94481001220595,393.5194002862609,33.496375595605066,32.91276984367697,33.29174560810984,33.261813047720885,36.23264327421652,375.75760784629585,37.22825060299499,431.17207679909114,366.1175308790925,287.3340135232341,291.03560292792736,366.440997886073,33.01638363323891,60.576807065104276
2020-02-18,3820.666475667991,3370.2900390625,136.29506030867918,369.0567701497876,37.28022892100653,35.416535655841066,379.75798680613434,402.72627759361603,33.48429802519597,32.33606181365042,33.221937849174516,33.8239949156548,36.20715109115885,383.0475474497498,38.38816783887242,456.96182093496043,366.4289138841643,285.6519186856082,292.2950231234868,370.0111922150676,33.27911322724475,64.99647517893764
2020-02-19,3908.3091517027265,3386.14990234375,138.26898668210512,373.37224794408996,37.62749336835082,35.93595027840332,379.85940783216125,427.34585880172864,33.47825808821091,33.26540633313534,33.31906017753303,33.77585278664276,36.374404824313146,381.476955362483,39.1042887804578,492.70715312738565,369.99399040718663,289.48336682913816,295.2152062963323,372.50864363796416,35.731258192621816,69.465361952483
2020-02-20,3884.4172489079315,3373.22998046875,136.8504895081877,369.16391239066786,37.723089774796954,35.04705430878641,374.05847796603047,419.1981783017243,33.52052843286226,32.86501794909082,33.1430252337648,33.323933834886205,36.170935613299854,381.28927170314205,39.38670180585172,499.15458916135293,369.8758863922131,286.0257254602309,292.64101629032757,369.57009327254684,37.307639932635276,68.10168157553365
2020-02-21,3788.9727884244794,3337.75,133.75287450117227,363.30929052391946,36.97003252875106,34.452673048470366,362.2335043562503,399.3314107186142,33.019321930470134,31.968731786818076,32.78185280533289,32.640619394062085,35.38373467375381,375.43164841673376,38.64032342514239,482.4197133412487,364.775261052978,279.15717748128816,288.9873292931995,359.763960074317,35.731258192621816,68.22207087933617
2020-02-24,3658.571111961898,3225.889892578125,127.39956139369004,348.1709896943243,36.27550363406249,33.07114004905182,346.6156257780064,371.0996861825501,31.793477328459034,30.605937723570758,32.48441437222177,31.171497730171836,33.87032789598351,364.2004122574055,36.19945534930284,497.8271822430289,348.63580997458774,272.03165962490243,275.11991725325447,344.8857338106358,33.9797275659162,63.13305210077194
2020-02-25,3560.5942050369986,3128.2099609375,123.08426063821452,338.80939180435576,35.36442192316478,31.98411971624646,340.8958451124379,355.8499292611933,30.77294451271961,29.467215200891626,31.98362642591922,30.558069471116916,33.08074497150601,355.69547267166166,35.51359184684141,507.6405532967824,325.2481018351792,256.19196294407277,260.7404420840642,338.61207985036236,38.53371137132921,60.56772009893914
2020-02-26,3586.6273326128226,3116.389892578125,125.03682936506561,342.2578914713573,34.89619808918188,31.941282512967586,345.1552496614034,363.4544393494466,31.43115712686904,29.26151128266734,32.33569631345569,30.624846651445687,33.19344281535103,374.61176082168794,34.928592887441305,506.6923796628896,320.0400883558031,254.9070244364175,259.0935323488099,339.78784781347997,38.00825218331752,58.969309463764844
2020-02-27,3481.476306594859,2978.760009765625,116.86339623275133,328.7951299975487,33.585176117030734,29.895755499881183,320.8359608092873,343.017357338434,30.664248682598714,27.895043134450102,31.18236663806672,29.46787394543932,31.40437145177673,367.1736578411603,33.29462191814788,538.3132740975403,306.91805722489744,251.93999109113636,249.1289122495997,323.43175570746473,36.256717380633496,51.4126392370145
2020-02-28,3483.902843507681,2954.219970703125,116.79503350931306,336.1986766795983,33.24376420713462,29.7297564857923,328.6043409728041,366.74068871859663,29.86714746408615,28.76194222197489,30.766562755209463,29.890285819500562,31.910428367654468,364.5263716869676,33.48626262616995,497.77976451905283,311.67505362378495,252.2904304863231,251.5508644174847,323.33734226289897,36.169142937287425,50.57898374604797
2020-03-02,3662.166725992794,3090.22998046875,127.66873554258562,350.9667957157857,34.484552753032105,31.1541287311774,350.4693771722159,375.3772101568032,30.736714105053323,29.59210606481189,32.4419234982886,30.506820710330178,33.09647072550404,376.39966924371043,36.12885209295436,536.2273282721021,329.38226668340434,263.6679201956452,266.17946564802867,335.38685288739765,35.993989874616865,56.305545919346095
2020-03-03,3575.3682844081754,3003.3701171875,123.61406848514702,339.3354411807089,33.04281914974581,29.970722137634976,333.6750827806334,361.06448124949264,29.49878962907211,28.8574460111472,32.38425631984547,28.868421974871946,31.95951063591245,364.26953506994465,35.231178821447486,556.8970432923281,313.55423138034524,256.4255832661679,257.045237596335,327.66967477046336,35.55610512995125,56.44865552698045
2020-03-04,3700.9505678733276,3130.1201171875,129.34785337568366,354.44451869654563,34.27580530467094,31.421867890405338,345.92601231998606,386.3494431039069,30.51932244481153,30.0475973158881,33.94125161317847,29.7800229033232,33.03476306458738,379.1062508938754,36.310404422875855,553.7207429993206,324.6789479694576,269.36834874002426,268.89204025012157,339.14245879450203,33.89214894659171,56.75076682357165
2020-03-05,3637.560011176856,3023.93994140625,125.15219716536731,341.9559073196198,33.08769257268259,30.50084452900119,337.2449048209304,371.1132789112488,28.985505556270887,29.081517551715386,33.449568523350315,28.756606927640103,31.427007579641856,368.23060683952406,35.27152463867202,592.5949577607772,312.1904970343063,262.0792770516751,258.74753918196916,330.25123084637517,32.5785009765625,54.86084538952581
2020-03-06,3524.467894545009,2972.3701171875,123.49016023398663,328.0645174248866,32.010781029085095,29.86362606540627,327.7119164120817,361.2681649737435,28.605070150847745,28.457057627102678,32.6786590289388,28.12298911654824,30.93548397109317,364.46710633613816,33.74850274295161,541.9636431229313,308.19590072097924,259.06552677161017,255.14920179972694,326.3136705778396,31.089697855873524,53.266218583237816
2020-03-09,3301.3187522804656,2746.56005859375,113.72306593258621,297.8853664498267,29.49994125004927,27.229071676405805,305.5020425343078,333.2944536354793,27.783813791516973,26.682852924901084,30.633018685374395,26.323081073791645,28.96152811410267,342.26144048936175,32.73988039787172,539.2614115623072,281.3505041986894,237.4319498527458,236.83924932348543,309.06672706867244,28.812705953167022,46.03664736582329
2020-03-10,3458.106298563027,2882.22998046875,121.91357996661786,323.788013958496,31.47622645277253,28.90511938512522,326.3935049724349,354.53271925604275,29.33574818745178,28.978665592603242,31.376611294783753,27.672624665511904,30.506145002128747,359.68617711665576,34.60583404482285,514.3250056123785,301.2805239552166,256.378848507296,252.7134175075572,324.72251279259234,30.651815199197124,48.86320509334219
2020-03-11,3330.931165930241,2741.3798828125,117.67945913029676,307.0813457426964,30.15545223612484,27.662809849722624,311.6072354785195,334.6931371303302,27.004830080398566,27.410167611131634,30.708895576766327,26.438002752798187,28.95795368250223,345.6496038192086,31.569878631482613,522.9058051957601,289.6725771205992,242.7352220671543,239.3580685968574,312.54254985875804,29.075435547172862,48.022735821961305
2020-03-12,3061.2512491068687,2480.639892578125,106.05806344234517,277.63277761159685,27.42805666400427,24.38568311272526,282.05493736680137,293.7374581773586,24.033814563029072,24.618457165201256,28.33243078263203,23.988946109741963,26.563474236678257,311.4027018249107,27.01090709380532,518.9709659956384,259.3265304053198,226.52171861170197,221.54634712557643,287.78267640345706,27.41148145180253,42.443820962542105
2020-03-13,3331.3874231998343,2711.02001953125,118.7646961767378,326.82735750417805,28.830772358677564,29.1460850369679,322.15437224893407,327.0478902972267,28.943235211619537,27.84728843735825,29.458443573018844,26.444213646681852,29.060879280474605,332.19579642320366,29.542549410811162,509.48944667146594,289.94103108582215,257.3367149992005,243.34391663654148,306.387342237173,27.236326301142764,41.38906566259832
2020-03-16,2956.7366196646767,2386.1298828125,103.48597953740476,278.63615102223804,24.250000823996533,23.88768811314629,274.67193853257595,266.7007334118945,25.797100682220613,23.685441363252114,26.912015283151884,22.67512048960068,25.83488350511603,295.1929651799066,24.247282099141767,511.3383400461495,253.04470106505207,216.61607079734645,210.37767756343956,289.935118554667,25.747525268442992,33.69988632593328
2020-03-17,3127.9031441922907,2529.18994140625,108.03626656062859,303.74973933072846,26.419428693136243,26.816755168759943,297.2874655651058,295.0410961744334,28.297100167879215,25.294345871875734,28.957657942295253,23.204688648064582,26.67998209305101,315.8477840079784,24.691074545844913,526.6983912239536,255.43932223213372,228.64770453817016,218.51544360521223,310.30772118645785,25.39721914310187,32.57395749347994
2020-03-18,3054.4745551805186,2398.10009765625,105.39154318739243,286.9943457728637,25.799035908625303,25.494123068513893,284.7728475479534,275.41876978104744,28.544684602363255,22.476923837420166,27.37941721199567,22.822655878077228,26.13199177211617,311.62001815966636,22.189691591757466,562.7755751459598,244.7548413081586,213.6724048315013,205.49225573706843,314.11139288180766,21.281117994365264,27.35091896186548
2020-03-19,3152.0582465601074,2409.389892578125,104.58402726013381,299.5609058056131,27.207604140746763,24.599873214495002,289.45823897584324,289.2019210053057,27.216181803655303,23.876451744102425,27.333890614044716,23.78084680448604,26.572528106143004,327.97791818174414,24.33805634030806,586.7638074619957,243.91726624747355,218.88222535225412,210.70983860599557,322.8533109750797,20.843235337688863,32.38011858299808
2020-03-20,3095.324399282998,2304.919921875,97.94445258261048,287.70548604592074,27.18614384447827,24.540972315322506,278.5865673018831,279.39754381265055,27.566424434836197,22.37407187830802,26.386948491443928,23.25283077707662,25.54873702225101,328.7681429562324,24.15650593418102,618.9061883530061,227.0261473434851,202.5051858889264,203.20870928301852,316.8731642343973,21.018388400359424,32.37178838261021
2020-03-23,3263.4062005547603,2237.39990234375,95.86370537916966,299.3270895668441,27.414401735583745,26.54901600953201,275.8077797456334,288.8216975729553,26.684780223459917,22.96914612942562,28.975867655244052,22.999695974583357,25.17467522741027,355.8732687241501,24.9028862386848,756.4356001083567,218.30676779628686,199.18773097254663,187.86045747022368,326.6123321932059,20.755656718364374,32.88364511310075
2020-03-24,3347.9685507409395,2447.330078125,105.48127007683367,301.9865300336667,29.97401464460473,28.059064704162545,300.87752848151564,338.37316121928325,28.88888729655909,24.04542322014462,28.620764359268755,24.999937927991997,27.029264264428964,352.95928849122475,26.072888005073914,640.8558563984541,254.5695340064323,227.29268171629514,213.86529459816313,333.00956593511467,22.769919027065036,38.237676334656385
2020-03-25,3349.986279557361,2475.56005859375,104.90019996646468,298.0022597048603,28.690305506170255,27.448617705265207,297.99735084859077,333.5388741045803,27.741543446865627,23.17117876518569,27.20641799224522,24.259166202163204,26.2675584163471,338.211500838681,26.193921609158608,654.7463198242576,275.41230379876924,223.60142002529273,223.89909643654389,323.69607563715783,24.171145616418734,40.83102311234285
2020-03-26,3496.6938195964613,2630.070068359375,110.42036275525598,314.3290248418005,30.18666477688988,29.74046629728394,316.6374026860676,349.31820870898946,30.483089733584226,25.338426483997665,30.107949578087474,25.366442278437315,27.6794676237413,358.56007516061004,26.6377159796562,669.1581973681689,282.60685040458725,235.0957109836184,233.725310821919,335.65119376991913,25.65994873710771,39.99131060673922
2020-03-27,3436.7602955928132,2541.469970703125,105.84871156602918,297.92431104903676,28.483507911333273,28.042998965581248,303.63601326294884,343.1938763259105,30.090579061313,24.460505141563118,28.94551736180307,24.349237196637887,26.463404693898422,352.76171722503125,25.508060030491624,719.1732262708289,265.9304913957512,218.39161732862794,223.5946207603043,326.1437431398839,24.87175786710098,38.94639903873782
2020-03-30,3536.3007508299715,2626.64990234375,108.86941687931953,310.15966361629023,29.234615303854977,29.713692789898683,324.9939752815778,360.6570723597448,30.41062661469063,25.356791303835863,29.64965482129705,25.77177123223631,27.32374914875734,366.432810810649,25.81064596449781,715.285840963809,271.943866770796,226.68525461957736,229.14436467178746,337.10330858620534,23.73326295974233,38.020366131403435
2020-03-31,3484.7537410488435,2584.590087890625,108.64724128785923,310.01351731879646,28.089420187528013,28.980086022879014,319.88268982281915,357.95477158844204,29.184782012679534,24.849876875709278,30.402352287180808,25.9037758315051,27.70472422587168,370.917413275984,24.771764256499523,692.7197786757976,259.3909567353525,223.67150433951247,222.98566940782513,334.66079547925455,24.346298679089294,39.676322738258584
2020-04-01,3313.870906118107,2470.5,102.93054381846808,293.4237423580305,26.15410274694195,27.78061573344297,308.52421579354075,330.0761264685769,29.414248939769415,24.207049328752674,29.601092499328313,24.785627728852408,26.34213286766275,359.636769227536,23.5210727794558,649.4840737058119,245.48504461383234,213.48550144418996,211.90005594463753,327.4482452804121,23.207803771730646,36.462841067134235
2020-04-02,3299.607907142785,2526.89990234375,104.64811323871459,296.1026551244582,26.204828707326904,29.103245791001346,314.9133380916649,346.91465788033673,30.07246155391884,24.9857871920336,31.04578915979283,24.566656397217905,26.70475880810729,365.5635454716263,23.218486845449615,578.0408270449375,256.5131380930253,218.48505119819555,217.8234572715308,329.3586613112982,20.930811869024144,34.41163609312376
2020-04-03,3276.2346374429076,2488.64990234375,103.14417243964157,286.0201956759809,26.20287587692711,28.985441949968674,312.01288863327545,331.216796765628,29.83091705641986,23.96093888337637,31.20968352306888,23.94390824283889,26.157722444507638,357.345105323463,23.289090101798095,607.7653742118027,254.526572196324,215.8451076927533,210.15625798614923,327.2577212121838,21.018388400359424,36.345478826440754
2020-04-06,3470.747507951625,2663.679931640625,112.14220892035996,310.88052517479895,28.785901912616385,31.28799831079137,335.21660809779866,364.47289941194714,31.09299436965826,26.062064282752598,32.32659145698129,25.709652814736724,28.279160687199376,375.3229751767845,25.14495537064864,582.8290044309998,285.57059266713105,237.52540154640144,234.50033213680268,342.8774680713338,21.631424119706388,39.08874899217592
2020-04-07,3387.7056546230006,2659.409912109375,110.84334325274546,300.94418229511376,28.30207329668877,31.27193461489775,331.60624240657233,351.74894499503966,30.652171112189613,26.71591408461896,32.26892427853816,26.219031421163685,28.269391349733237,367.7367088191832,25.830818873110076,539.2614115623072,278.20419882087987,234.2780309442414,233.32394692244546,345.28222418158964,23.64568642840705,41.30047496353576
2020-04-08,3475.8270915796847,2749.97998046875,113.68033760058026,308.9809205943968,29.48238066082915,31.58251097740456,334.9326477945343,362.5039014891937,31.479467408505442,26.936311540217226,32.41460892886541,27.065407300340652,28.83572789893137,366.59086179457523,28.100219149539814,558.508884216257,290.95042061668096,245.4452498868163,242.1121818072984,350.6718992664115,23.995992553748174,41.55716009455829
2020-04-09,3503.1376461181076,2789.820068359375,114.5006642041269,310.4616477680278,30.15154955220086,30.59723078973826,334.95291961999897,357.07211448919077,32.11352488183667,26.293483993260622,32.11110136329768,27.206729425267802,28.8636020669205,366.19574940733116,28.00944298457907,590.2719956537102,289.28598637014335,247.26751335288156,240.38221597309484,350.6307060058664,23.38295683440121,43.386511382233245
2020-04-13,3616.1918085304665,2761.6298828125,116.74804147130591,312.3612226197282,29.751609290947428,31.432577701896975,335.7033795037651,366.44193877594665,31.986713847882626,26.92529208781317,33.17337784278474,27.144608638102486,29.009179446357873,391.87844646505573,27.444613086202327,644.3640445901685,282.77866487476103,247.59460319272043,233.8775486600388,372.2769472620191,26.010254862448836,49.28874431052096
2020-04-14,3779.0074165554247,2846.06005859375,122.6441862001514,331.9611178124178,30.768042629663423,32.48211471582543,352.3151346181102,385.58899623920615,32.60869375080475,28.486444701850633,34.00195220006043,27.669518033737205,30.240249753790888,408.5030405658662,28.180908860194428,672.6663855598833,290.70343117138253,256.4839928027137,241.66930041722375,391.9217743537418,26.360560987789956,53.75157118101021
2020-04-15,3794.5717445106447,2783.360107421875,121.52477431141938,323.95360282689313,30.362249830961822,31.523608035544388,348.62365067567345,381.3657602972559,32.10144731142756,27.913407954288303,34.45114441595542,27.48316041157271,30.07918801809578,421.5419603609219,27.747200944002966,718.5095228116669,276.12102619938884,252.19697879266744,229.6841131673491,396.1030369688696,28.024517171149498,55.26139400554096
2020-04-16,3846.7535787218417,2799.550048828125,122.4903798515575,333.84125009321485,30.641230705576643,32.551727469177244,359.08963824552575,400.18692380171404,32.42753480179026,28.229312001564573,35.84424303043341,27.37134536434087,30.10301368422338,433.8104004500517,26.77892249235316,712.3465207833044,264.97479593496286,253.03802621148034,224.78483809894624,413.355134873812,28.462399827825898,56.425940999986615
2020-04-17,3857.708074657842,2874.56005859375,120.82834292017684,335.2147755685621,31.725944640146498,32.32147162882621,362.2538071310668,396.9550039061129,32.98308921924283,27.97952747121835,34.948896638240186,27.835688473530485,30.57428605824491,417.7982049260982,26.930217383150705,711.3983833185375,279.1599106667979,261.3083139470819,234.63871673289077,407.65822846682687,28.112093702484778,57.0831718586053
2020-04-20,3836.0026520780284,2823.159912109375,118.3203449938172,335.9648901695309,31.75325747386316,31.68960704963327,355.0736193995435,389.7985980112116,32.5543458357443,27.296293397109732,35.027809253649906,27.680390060115787,30.177826624872832,432.15088019139785,27.242889771463023,706.3258080959962,270.31166207440447,262.0559096722391,227.27599312374878,410.8525709607969,27.936940639814214,56.513015279075645
2020-04-21,3696.9690582041662,2736.56005859375,114.66302404243575,320.4856308602865,29.37312932596249,30.179558355002737,340.38877093165496,365.9802418538959,30.984298539537363,26.38898778243293,34.378300933002315,26.5249694851639,28.980109923293252,428.5355430650856,25.972025385807033,679.2086570418029,263.4607280238043,251.239130124851,222.16913060234032,399.6115042655316,26.448137519125236,51.99718014315012
2020-04-22,3821.964819575034,2799.31005859375,117.965727219766,328.0645174248866,30.07156090457505,32.182246122122585,351.95005606363543,388.5764542244601,31.564008097808138,27.432206515939754,34.77286169447195,28.307794607658252,30.096818778357687,416.27702072795125,28.68522003273437,712.2991392284542,275.87403675409035,269.1113610384932,230.55600158771972,405.68258628127296,27.0611732384722,55.4340290321645
2020-04-23,3908.709044220482,2797.800048828125,117.50855884112924,326.70071323499104,29.599437363543778,31.614640411879478,347.69062056531806,385.67046972890654,31.38284914879365,27.11262838369356,34.73947567701318,28.750396033756438,30.408937331354476,421.49258261694496,28.100219149539814,801.6150339009781,274.74652682312825,269.22816228749673,230.26537915351184,411.8549542692803,26.79844364446636,53.42901565475696
2020-04-24,3906.5855400993833,2836.739990234375,120.90098238847258,335.2050542831104,30.0403453869344,31.73244425291215,354.0391992125129,393.24779435976234,32.01086668513981,27.931775576632198,35.30096421019769,29.517570575171575,30.48041432973728,419.8034296828764,28.987805966740556,752.8326488069417,277.8606026507917,280.76918800469423,231.56631683967245,413.7035804093488,25.747525268442992,54.907031209290736
2020-04-27,3961.884905416534,2878.47998046875,120.98643905248449,339.4913087636544,30.7524348708431,31.844896252230516,353.0250508509471,403.4188022560691,32.228258345381604,27.90973667182408,35.212946738313576,29.118452515256244,30.39869101522074,416.23750044568396,30.258670352396543,780.3290693146921,284.69005579633773,281.58686804407125,237.71113774385609,407.8298740367076,28.374823296490618,60.47988905407285
2020-04-28,3844.969607427697,2863.389892578125,119.02531683591843,324.830361697049,30.133991939856347,31.459351209282232,344.4250616031019,395.65134518841506,32.125602452245765,27.65627805650794,33.79556696285122,28.405633366402547,29.393010578664757,398.9016618446342,29.03823823827122,742.9718600292122,284.1316833459675,271.330780834529,237.00531928588993,397.20159375950055,29.250588609843426,58.236361589554036
2020-04-29,3927.613277164591,2939.510009765625,122.9347310344781,340.1440024091946,31.2986915451764,33.092559672035094,359.88067272957306,405.2927754016695,32.53623063191115,29.008052667351198,34.22958287423623,30.157399280147104,31.961654131510112,406.8633256660602,31.358068862437175,694.4264550476787,304.6308241979569,288.712403724545,251.59238190808583,407.26515340689485,31.61515704388521,60.61315492976481
2020-04-30,3881.7661541416223,2912.429931640625,125.52817258599336,344.49845453140875,31.59523300901134,32.11798929586043,363.4910693701512,396.900674432564,31.986713847882626,28.897852538299215,34.67877509013122,31.79113925277615,32.13272369400516,414.72617370924667,28.92728916469821,640.8084748436038,295.2671485801718,287.35738090267,247.34359680051028,424.65113988502304,29.863626417179596,59.20252619043527
2020-05-01,3795.9710017030557,2830.7099609375,123.50725417456027,334.95176574473635,30.506616390517504,30.773939615318778,354.0797738127941,384.00018030755706,31.274153318672752,27.78484300539812,34.378300933002315,31.412210744897767,31.464412595763324,410.20205096164443,28.080046240927548,656.879647204546,288.57726396952376,281.77377143138256,242.98409134541606,392.3886452751387,27.849364108478934,53.1026705227794
2020-05-04,3881.838443592489,2842.739990234375,125.25473473109658,340.0855260529761,31.501589432965005,31.05238858603835,362.74057853703323,395.556320411262,31.249998177854547,27.7995365427721,35.45878944101713,31.87655148442165,31.611894981464566,422.92486878884773,28.47340833989448,680.0145775037673,289.1356691901534,288.89930711185633,243.78677690886914,397.5294217119364,29.250588609843426,57.63591704841994
2020-05-05,3916.7767806136567,2868.43994140625,127.13466398965193,346.9240787594624,31.848853880309296,31.459351209282232,366.6349045315239,398.88326508401616,31.43115712686904,28.51582897409289,36.302540102802794,32.15764360322147,32.19109541265518,419.49721532187647,28.312028918585256,686.5568489856869,294.20408136437214,293.0344420676131,246.95608614306843,397.8401102507782,28.725129421831742,58.167455465957275
2020-05-06,3979.938154330875,2848.419921875,128.4463468529826,353.1488824196186,31.93079238145929,31.68960704963327,370.2452702227502,404.38297428626674,31.316423663324098,28.9713202251691,35.00049236864775,32.37506043413576,32.1003211370804,428.9603182728873,27.918666819618323,709.1702204902969,292.5503957629264,299.7628035940283,247.42663178171253,403.58336431408367,31.70273357522049,59.25552867903355
2020-05-07,4099.206171706482,2881.18994140625,129.77511061803062,357.29877134552385,33.1462179471643,31.684251122543614,372.39529074672544,413.9972190421237,31.76328225065577,28.956626687795126,35.44968458454274,32.80834196490985,32.70215769613614,431.2026044329834,29.018065329658953,748.0918891448555,299.02550409329234,341.76836847944963,252.8794874699617,406.3897861438969,31.790312194544978,59.06320041168723
2020-05-08,4117.877595762236,2929.800048828125,132.50529065527869,358.0099116185809,34.31677306680813,31.951990281771547,374.58582397227804,424.35835937522864,32.3490317459116,29.59210606481189,35.39505313011738,32.97761903647783,33.07883996524214,430.2345534608639,30.188067096048066,736.7140225528975,303.2885543718424,338.66120215390515,256.15949593393265,408.44953298246617,33.01638363323891,62.04498466453366
2020-05-11,4199.5253301246275,2930.18994140625,134.59030808414883,361.8188420648368,35.63755026033143,32.19831186070388,378.76414121938495,438.10077385463666,32.3248766050934,29.562721792569633,35.62268380429318,33.10651463430619,33.43360448289091,435.1439009888577,29.945997964084224,789.2416482894031,301.9892463558362,336.32496328477777,254.04201944228723,413.494177842773,32.75365403923306,61.429393254178336
2020-05-12,4096.723120813733,2870.1201171875,133.05217940392853,355.6622063176491,34.636724680435755,31.266578687808092,370.18442379700446,423.81518896347757,31.564008097808138,28.806020031591128,35.319176238725454,32.628197606294755,32.77792168571427,426.5500935220125,29.40134097431975,763.4519041535337,292.1960181774869,329.4797648611829,248.38157630103242,404.56001754934766,31.70273357522049,61.287046189159234
2020-05-13,4111.279556071281,2820.0,131.44568800026997,349.2912563599992,33.09549496365495,30.918519006424386,364.58633598292755,422.5930451767261,31.189612629370057,28.65174209292291,35.48003487798371,31.851705539221257,32.14868502893049,432.92135989732384,28.372545720627603,792.3705670275604,289.02828105001237,335.78760267819166,245.08771459502978,406.44296442226084,30.12635601118544,59.890045010658405
2020-05-14,4154.281533593162,2852.5,132.25321044695673,346.20321720095365,32.58045083008669,31.636060034862755,366.1684049510221,436.19965669288484,31.95048113665532,29.338650252001447,35.54680691290125,32.11726449914758,32.31070072196078,436.55647223734115,28.806253636819065,796.0209722220771,297.779873762227,337.37626364624987,250.36064707884276,410.0355363719382,30.21393254252072,60.82667841571246
2020-05-15,4249.571157731217,2863.699951171875,131.47132239170227,355.85701849980467,33.42520179865473,31.207675745947917,371.50283523665115,461.19946133334787,31.956518770079363,27.832594899984272,35.853347886907805,32.749330179184966,32.71716507372628,448.6470861288396,29.25004800731666,828.8270204031236,299.5301988587218,339.94610501338434,253.94515233680028,413.6280664159588,29.513318203849266,60.511690547231815
2020-05-18,4257.403529977758,2953.909912109375,134.5689373987177,358.4580123391105,33.653459689760204,32.085859861385515,375.05235450213166,475.2949552289548,32.09540967800352,29.364363241779483,35.54680691290125,33.108069135026405,32.973290984598,447.05671882786777,29.89556569255356,780.7557203230995,311.29921151842103,341.6515850545341,264.8646958375834,416.4567820551414,31.61515704388521,61.60657465230345
2020-05-19,4303.311488199843,2922.93994140625,133.79133912717703,362.57867795125736,34.344085900524796,32.283988309949315,372.45613717247124,478.2960059429075,31.606278442459484,28.684800450135086,35.97778710026848,33.68112065967316,32.72419469226027,445.53553462972076,30.1376348245174,823.3751033887735,312.1904970343063,339.6657677565054,262.0690651365412,420.4166570858746,32.31577138255666,61.18104121196267
2020-05-20,4378.692160659508,2971.610107421875,136.39333416840722,373.7132064237393,34.51771812419694,33.78868107749019,376.5735770444805,487.2312773237641,31.944443503231277,29.617819054589926,36.284330389854,35.71397632255181,33.51604035700233,442.2066667958463,32.50789772021402,831.908485248179,320.8561661263043,352.6319006097977,268.2969421396741,428.760324770611,30.47666213652656,61.75271132304685
2020-05-21,4305.882438514448,2948.510009765625,135.37645984540447,372.29095560632686,34.191913973121146,33.188945932772164,372.05045306836337,476.6529019789555,31.533815323565893,28.65174209292291,35.6196480802754,35.934499785240796,33.422645607162295,430.92602274739824,32.61884679378703,815.5528788816318,315.98106571244324,346.27732803391706,263.8128630950295,419.972079973847,29.163012078508142,62.66435990377528
2020-05-22,4319.195574937689,2955.449951171875,136.24806827067204,375.30107583825054,34.69720586219287,33.33887920827975,372.21272052013614,490.28665751126573,31.775359821064875,28.908871990703272,36.36627641370254,36.481150863966946,33.60419706671836,424.0806034203082,32.90125981918095,810.9543362223482,316.67903946797094,352.44499722248634,264.1450241375855,418.27963621633364,28.637552890496462,61.85266217402532
2020-05-26,4246.814183716142,2991.77001953125,135.32519106253983,366.8941557455597,34.43773245344674,33.381718454246304,368.2778508747162,473.5295995892062,31.871978080776667,28.65908746035705,35.401122262574,36.06029112096019,33.76144588147923,409.7081529413036,34.30324426322777,777.4845845821396,325.72055066533284,343.4271137617275,267.41120047727173,415.70155830992866,33.45426628991531,62.003339439432295
2020-05-27,4226.049103248552,3036.1298828125,135.91479510433936,365.4719049281473,34.453340212267065,34.03500265642252,368.7646222806826,463.07343447894823,32.125602452245765,29.12559816383732,35.625717212732006,35.58507835505772,33.780981648004996,414.7656939915139,33.355140643984676,767.8608482551648,321.89776882217956,340.99744102303254,266.8576198574254,413.73274674641834,36.519449062628546,62.106317353519806
2020-05-28,4233.341857156692,3029.72998046875,135.97461737691896,370.01141821836364,35.33125655199994,33.03901265726458,367.9330131963541,460.99577760909693,32.37922452015385,28.692148620074924,36.83064261852854,35.01358133113118,33.75453550761214,408.39439747105973,31.87246648928325,775.3512572018512,324.6145216394249,347.6089656522681,268.85052275952046,412.13819460297765,33.54184282125059,61.01446031155722
2020-05-29,4371.971696633755,3044.31005859375,135.8421686748999,376.60643340062927,34.100220250599,33.69765074384277,371.6853745138886,482.09824026641115,32.4698051464416,29.709651561298013,37.295008823354536,34.95611930679504,34.04497189007899,414.6076430075877,31.23703333455803,850.8715238965239,323.10047011339606,362.14037427009464,270.2068311783139,419.2220106244095,34.85549287926901,63.22467275136254
2020-06-01,4506.351763141656,3055.72998046875,137.51274605713925,379.6068026183995,34.406516935806096,33.12468910651001,370.83349360409545,478.3367426877577,32.04106176294307,29.287224272445375,37.264658529913554,36.015255623722844,34.11406399512383,420.72210291101896,32.1649659689833,967.8260560796007,323.64809391867436,361.0189895944028,268.97509634907084,424.143075703081,37.307639932635276,68.00248749033244
2020-06-02,4550.072992394463,3080.820068359375,138.1493551758022,380.347166205215,33.99096891573234,33.26391257052596,375.05235450213166,479.368795478957,32.17391043032116,31.087139161919307,37.13718590811406,36.141046959442235,34.290374506149384,422.09512373209225,32.53815515933797,986.4572791674904,325.99975327564766,367.93427233221735,271.75687380808125,424.3782083428762,41.16100731138763,66.75010945102048
2020-06-03,4630.408372283208,3122.8701171875,138.90987254562555,379.8406188571685,34.13924113608761,33.162172425386906,375.9650818376706,476.3405593076068,32.30072376783622,30.896128781068995,35.79264730002585,35.74348340024712,34.22271042870082,416.82029649226905,35.180748473711276,1061.313842403001,329.7366442688438,366.2755270499394,272.4626922660474,425.4063636302357,49.04290348351971,66.85611442821704
2020-06-04,4529.150578950874,3112.35009765625,137.71355748259657,375.827095485902,33.44666209492323,33.71907036682605,371.0160328813329,476.17761232820607,31.914248425428017,31.605075844955646,35.56501662585005,35.14247692895953,33.64613047177546,409.27352027179217,34.01074670732216,997.2188238551365,323.61588075365796,361.18254342636624,267.99246646343454,422.35110601088337,52.2832372309143,65.44927529461181
2020-06-05,4579.76395040733,3193.929931640625,141.63577583801614,382.7435671195102,33.92268831987848,34.452673048470366,379.69714038038853,484.51538382376265,32.59661618039564,32.52707499700643,35.911015065350945,35.83821552721672,34.27060025028982,414.4792246990762,35.17066009561069,984.1817347843994,334.90169593811163,364.45326358387416,276.25478497701056,426.1959500139499,48.95532904017364,67.06055672483755
2020-06-08,4610.098424768419,3232.389892578125,142.47319638213642,387.4974243488905,34.44358499089491,34.09390355559502,382.0499720070658,478.2688619267561,33.27294399837822,33.56294556057341,36.27218980936181,35.93605191629528,34.46644652784114,414.37055145912694,36.95592210811275,994.7536085761412,333.3231853117906,364.66351652653333,276.24095285272585,433.2437271706119,52.2832372309143,71.92620250867374
2020-06-09,4643.694224546148,3207.179931640625,146.9722146224956,386.89345604541546,34.05534980453782,33.75655368570295,384.97072424027175,491.3594470473152,32.71738958092564,32.967869908202964,36.745660870662206,37.06507204532655,34.693982802722346,428.7528593998413,36.22971278842679,973.8942226600109,334.48289202263936,366.46243043725076,275.521281152728,446.42611531858637,58.50117721968685,71.22581289339918
2020-06-10,4787.438446320213,3190.139892578125,150.75344382503744,396.3037495487475,35.52634907194058,34.20099962782373,399.24991955340425,508.78192705692237,32.6751192362743,33.430706526713315,37.88077851752342,36.763792744155516,34.92485211146368,429.17763460764303,35.44298859049293,1047.8027207690063,336.26543028415057,373.58796611772453,277.4588344399372,454.42305559971106,55.17326902894619,77.61490906259482
2020-06-11,4612.241787344287,3002.10009765625,143.51570509657148,377.64878113918223,33.565668651162035,31.968056020352844,377.8108392835649,477.7935722760066,30.984298539537363,30.86306762135112,37.15539562106286,34.85362178522156,33.44742232221858,420.36648066089924,33.31479482676015,1052.7805328818472,312.74886948467656,357.53798084605955,261.4047641691762,439.0624952273073,51.75777804290262,73.66166284842632
2020-06-12,4638.526583098621,3041.31005859375,144.75474849160642,396.0309887107683,34.162651285880294,31.769929614476723,380.7924379425167,485.194357198763,31.316423663324098,31.311210702487493,37.01881814278896,35.49811162269201,33.669956137903064,412.9678979626389,33.687987864703715,1040.6915812758768,319.77163439058023,362.72443398737647,266.08257742479475,436.84141161040776,53.42173422626216,70.81769084277342
2020-06-15,4775.139701769567,3066.590087890625,146.54495738014867,390.9653963154971,34.845475105672534,32.182246122122585,383.2263878204044,498.2985764892669,32.15579522648801,31.73364079384583,38.399776176774765,36.10688111891774,33.828871469594,420.3072153100698,34.404108806289095,1133.136394686558,319.10587380006893,368.07444096065683,265.3905910911133,441.58911298727344,59.81482727770526,75.02913283109996
2020-06-16,4849.867437213961,3124.739990234375,150.42872414841975,401.02838346436937,35.21029716536133,32.34289125180948,392.61741155229686,492.5815908340667,32.96497401540968,32.88338276892902,38.16000723768575,36.59607017330775,34.37376433759599,430.80749204573925,34.928592887441305,1149.9186520615126,326.95546512156574,376.64843333257323,266.94065483862767,448.8995128945318,61.21605177906976,74.36508530364793
2020-06-17,4855.125504183246,3113.489990234375,150.21937227210375,402.80131404688274,35.389781926481646,32.39108438217802,393.9763666428729,501.67985063556995,31.111109573491404,33.03766351010293,38.88235441012852,36.57743512199102,34.57390051474915,442.30542228380017,34.6360914839468,1122.4222315537622,326.1823163909134,382.74601820692277,267.88174611591586,453.3125137912613,59.90240589702975,75.09652542314221
2020-06-18,4909.808979670896,3115.340087890625,150.27919454468332,409.5911414113039,36.611063006510435,32.171538353318624,398.1952275409091,500.7021273179196,32.4214948648052,33.03031534016309,39.25870545864936,36.641108040210824,34.21270260190088,444.3797999982603,34.32341717184003,1145.2253462925285,327.3527717468541,392.6049490864945,268.36614499659163,455.54390619971133,62.880007962429296,76.01801773581303
2020-06-19,4913.571872324127,3097.739990234375,149.42040331513195,416.94599247999,36.47254600752731,31.92521677438629,395.82209313941536,503.05139011426945,32.850240551864744,32.622578786178735,39.513650702248356,37.08370709664328,34.111682010192375,448.1828207839135,33.6980723952154,1154.2801422700418,318.3864027543574,383.98422195570623,265.9995424435925,459.1536175629827,64.2812366397722,75.78631454069712
2020-06-22,5039.593728381992,3117.860107421875,153.32980447483533,427.30121276644644,37.389480255873195,32.1768922377206,406.81548861421896,517.4727779686779,33.285021568787315,32.74012428266486,39.371001775938886,37.15048664663779,34.59153127501105,462.32806732130996,33.75859112105219,1191.2107005471144,326.91250331145744,397.7680170242874,269.81932052087205,465.81519218741295,65.06942333380051,75.28809114787327
2020-06-23,5069.0090185493855,3131.2900390625,156.60259651587577,429.1618132902351,36.88419134367709,32.085859861385515,409.533398795371,513.3038715002765,33.327291913438664,32.82093733696889,39.63808991560903,37.61948851865658,34.89054454827506,460.5697915747022,33.193761222675455,1198.5114385978964,329.5326166336537,403.67869851132565,273.9850706472453,474.49871474806076,63.317892707094906,75.8529503669621
2020-06-24,4993.642227824598,3050.330078125,153.8382416363367,420.52110668747696,36.19941767036066,31.641413919264735,401.278216276536,501.65270661941855,32.87439338912193,32.743798367634774,39.720033623878614,36.34293537081449,34.11763842672427,452.2624232551518,32.003586547674075,1213.1603685925625,315.71261174722036,392.4881300134029,264.9062133281845,469.34762951971265,60.07755895970031,72.75380387342219
2020-06-25,5070.747447314277,3083.760009765625,155.8805307332009,425.6548967244184,36.74372449116978,31.330835514070248,406.3489580843653,515.476594588527,32.92874130418238,32.67767885070473,39.68058078954219,36.60072893613694,34.34064631266984,460.22405693143503,31.640483811625543,1230.2745862044753,320.00787519078676,403.0012049244762,268.4630121020786,472.8114672919794,62.00424264907649,74.65660187935747
2020-06-26,4951.609916636429,3009.050048828125,151.0909806973713,415.884172441832,35.735096520301745,30.7900033112124,398.21549936637376,497.2801164267663,32.71738958092564,32.3323877286805,39.73824333682741,33.55688145500826,32.40052394860688,437.9887584092439,29.300478355052874,1217.4270233531392,310.6978772579425,399.1931241603822,261.94451266473783,462.2192258795422,60.42786508504144,72.6697566574422
2020-06-29,4932.35819320865,3053.239990234375,154.57312461472773,413.2344829891627,35.7663120379424,31.202321861545936,402.4952066901558,499.72440400026926,33.06762990854552,32.696046473048625,39.66540448503222,34.26504184103277,33.23608878000301,441.7818915880446,29.74427272555047,1178.3632100340299,314.55287226611216,393.30582787686797,264.8646958375834,460.07533248230095,63.317892707094906,76.4261340096008
2020-06-30,5049.410662936471,3100.2900390625,155.86343679262728,424.05727629575375,36.546682117704954,32.03766877370465,412.77865498277066,515.8975547657275,33.37560219507507,33.5041714110775,40.078174959450656,35.26361187151547,33.68019954563029,449.4867187924476,30.046860583351105,1201.972172896509,317.5273631737479,407.0428881865773,267.3419976203542,473.5392428320476,67.60914483051286,81.7612403098869
2020-07-01,5157.9937961119795,3115.860107421875,155.5686282522994,428.4409517317264,37.436303532334165,31.49148064375715,415.1923330351937,517.6493176767773,33.50845316601417,32.97888936060702,41.040293386561416,36.891138580595126,34.26226184882646,479.7132836663367,31.075653913248804,1228.4730743846421,323.40113724363533,414.51884543814975,268.18622179215544,494.11609363463896,69.2731010138724,84.77633381060883
2020-07-02,5198.435743080258,3130.010009765625,155.5686282522994,431.49979730571516,37.56116262602115,31.662833542248013,418.3564709713829,522.1169326465825,33.780190437755394,33.746610573989585,40.62145146410741,36.24975537489938,34.89745201373564,471.0700683103717,31.1361726390856,1240.8463876579656,324.7434070697498,414.00490568326376,270.80192928876136,496.1071990075186,82.1468657360831,91.5175224787229
2020-07-06,5315.441340197631,3179.719970703125,159.730122659181,440.8905887807404,38.57369328081317,31.88237957110741,427.3621133739841,534.447112343687,34.17874104701168,34.13230542066013,40.75196212550365,37.31510258571085,35.636047663691286,487.78356043742633,32.61884679378703,1237.3382718045027,328.12592047750644,411.5985468517405,273.69442709529045,524.7273796532118,100.80068570240074,103.85353252967364
2020-07-07,5310.590930889644,3145.320068359375,159.23450269339577,437.7440732654764,38.312270018542854,31.223741484529214,422.3927925921817,536.2124265421895,34.00362203498225,33.84578844813181,40.90674931672635,37.40517594985126,35.38540409909039,487.14149904001175,33.274452857124516,1242.5531363680982,322.0481187724289,414.1684238670511,268.7674877783182,514.9573272254086,115.77628717665819,105.23765135944706
2020-07-08,5405.510549964831,3169.93994140625,162.94309242764186,445.8490092064296,39.073129655561104,31.38438457152844,431.6823952980472,554.911379812097,34.21497375823898,34.356376961228314,41.15866115188651,37.8275878239125,35.643196526892176,496.644092128147,35.71531708537516,1262.5591479291622,322.3058240925599,424.19090857858623,269.97155835899184,528.8589002538257,112.79868093528023,103.4219334094388
2020-07-09,5478.824526473306,3152.050048828125,163.64380056374188,448.9273270800235,39.16287352455907,31.282642383701713,434.70456855728014,570.8264759385095,34.74033540144931,34.25352500211617,42.11774617055845,37.97046207989414,36.000343029472404,501.56332726299337,36.027991397481934,1277.729492041936,316.33541052762337,428.0690380087239,266.0133956856242,546.2843199549172,127.59912517088868,105.57232669181248
2020-07-10,5561.279288965939,3185.0400390625,163.93005561435484,454.14878705824015,38.80000131839445,31.877023644017754,433.38615711763345,569.210557431955,34.655794712146616,33.98170156696183,42.736899566607136,38.058983312980075,36.73298226289616,542.0333021103861,35.705232554863485,1307.8333448314843,317.50586588356407,416.7849999930574,266.4839413242683,549.2658236184615,131.1897650436244,116.95807000004248
2020-07-13,5338.954811784907,3155.219970703125,163.17381498938897,431.0321945568788,36.74372449116978,31.368320875634822,419.99941731457517,546.0168037348446,34.42632548149572,33.54825202319944,41.06760795598461,37.11632080611329,36.00868143093576,519.0868193782413,34.11160740279459,1234.019682170441,311.5998786486603,400.6883156106967,261.59851949789714,532.7878489099077,121.206036295424,113.35464021062265
2020-07-14,5371.745909507495,3197.52001953125,165.87408389034724,422.56682783667117,36.9817376036474,31.58251097740456,422.5956346442356,563.6565187561554,34.54106124860167,33.93394686986998,42.044902687605344,37.22968798439962,36.22883035328228,518.4743906562414,34.67643730117133,1232.6449660355186,321.0172647216456,402.53396428028594,267.5634383153915,529.3549375122923,123.39545166679522,114.84931616593217
2020-07-15,5339.938550981795,3226.56005859375,167.0148534256541,421.816742964404,36.694951361184614,31.609284484789818,421.96683666260924,555.5224309848497,34.19081861742078,33.99639510433581,42.0145500785854,37.31510258571085,36.06348162639185,516.87416589356,35.97755720215682,1214.6774464067908,328.2869863025883,401.973254118352,272.0198319937197,516.4592259618653,118.40358729269502,117.06104791413
2020-07-16,5257.527095904809,3215.570068359375,164.95974713307373,415.2704531242036,36.191612302512695,31.668187426649993,413.6102640670991,550.4980528745947,33.7077273188618,33.500497326107585,41.89922035285705,37.41604560656411,36.16736118169941,520.9537683647983,35.584195103189884,1178.2683745860777,321.44678451195034,396.7167166628153,267.7987111347136,514.9195283230569,113.3241359473135,113.62571255667014
2020-07-17,5216.835135251248,3224.72998046875,164.62648700559737,421.24199797468737,36.634473156303116,32.12869910735207,411.50084909275694,554.1237474899989,33.15217290140923,33.87884960784969,41.97813065268781,37.586874809186575,36.10898946304939,486.97356044923305,36.11876756244268,1168.7868552619054,326.5044480410771,406.31865984085596,269.99922260756125,508.40902359106315,97.12246721034055,113.64085942589136
2020-07-20,5488.326517170835,3251.840087890625,168.09581372723767,443.50130390549793,38.06059900076909,32.744499990651384,429.1875989944137,570.9215421569086,33.45410525095372,34.22413792736822,42.95542538430854,38.11333633587578,37.304321271291,496.2786124163176,37.379545493792534,1273.273166385455,334.9875867880688,417.7662516884859,274.67705698092675,548.7234387036747,112.27321757129013,124.40495719754796
2020-07-21,5376.144883575568,3257.300048828125,165.7758100306192,432.7954038539405,37.22365340004902,32.50353433880871,423.40694095374755,561.0221401871004,33.76207523392225,33.90823388009194,42.29074307472994,37.54339144300371,37.130395653603415,484.11884556713716,37.32911129846742,1234.6834579678548,330.305765364306,410.1968249191697,271.92294377048574,538.6735822060242,112.79868093528023,118.75334949722668
2020-07-22,5399.654181644293,3276.02001953125,166.2415188601146,433.5454887262077,37.32314951354353,32.69095093319319,429.49183112314273,567.0106488863071,33.82246078240674,34.01475992417401,41.975097244248985,37.251429667491045,37.3703188318095,483.84226388155196,37.25850804211894,1238.1915738213174,336.5016710843571,416.8317347519293,275.2168054764884,532.0858034430588,108.41985019253778,120.56831645829567
2020-07-23,5237.961312750187,3235.659912109375,158.67479674902978,420.5795533149938,36.782742399782784,32.34289125180948,410.8112046853847,550.2264469480962,33.6714946076345,32.93848283345501,41.082784260494584,36.12241190812551,36.11208691598224,471.75161984491064,38.77144155973877,1192.3010550146837,332.7755287362529,406.17849121241653,273.2377135809311,512.6280851085426,106.40558370785871,114.56689811006375
2020-07-24,5193.929811462236,3215.6298828125,158.28171434897382,419.1865258113398,36.77299015528624,27.08984821238986,408.29613655628657,553.7435240576485,33.60507142572597,32.651965860926694,41.046364834596986,35.82889800155835,36.02130973200095,474.58661980358715,37.86368375772021,1168.8816907098576,329.57557844376197,403.1413735529157,270.0822575887635,516.4660565839089,103.51555608580524,107.29264593918182
2020-07-27,5299.041045905645,3239.409912109375,162.03303241522585,425.8010132932105,37.25486891768966,26.54366008244235,413.4682993901429,566.0736623135069,33.41787253972642,34.0514923663561,41.325591239180355,36.26217953233244,36.458033145093545,489.6011015348635,37.1677318771582,1196.2358942148055,331.658751065253,415.80378394580504,272.51806299868025,524.4132548505198,102.37705909045738,116.57570109319559
2020-07-28,5250.121189169796,3218.43994140625,159.3712281402723,421.0861303917419,36.97003252875106,26.366953299549508,409.7565126728896,554.8841943546996,33.42391017315046,33.59232983281567,40.90674931672635,35.737270136697724,35.74659910353214,482.54825347987037,36.92566466898881,1195.5247368625414,328.9419982480076,411.8088354425758,272.2827901793582,514.9933660901784,107.45651043583891,111.79712381161045
2020-07-29,5311.097007596753,3258.43994140625,162.4261148152818,425.0216753784832,37.77186290478212,25.740442604758552,413.8942243703635,568.4636618547069,33.63526419996821,34.17271194781215,41.25578116466607,36.22956582286243,36.26314082487741,478.56743664172876,37.48040618926496,1196.5203282204104,332.13123266566606,431.2697095001882,274.8292948190466,520.6919906290887,111.22229919526676,113.50986384753118
2020-07-30,5328.3740818988,3246.219970703125,164.39150073784904,427.53499927651376,37.39923547724535,25.697605401479674,413.569689466818,576.5298688650109,33.36352462466596,39.37410647296088,42.06311240055414,36.417477945747144,36.48781522775305,479.87130450512007,37.03661374256182,1185.1899155215544,331.80910101550234,449.74933186237206,268.5737324495973,523.8416616930067,106.84346845252432,112.63001675996172
2020-07-31,5392.724839140452,3271.1201171875,181.60142193803023,432.8343781818523,38.013778701183725,25.55837989477605,415.82110006746825,576.5706056098611,33.48429802519597,38.793724357964415,42.98273995373174,39.39454824654705,35.332508909898166,482.91373319169975,36.713854899943364,1203.7263031614918,331.30440625007293,458.0663721809335,263.50838741878994,543.2032903566889,104.5664744618286,108.33453333249317
2020-08-03,5542.285096777609,3294.610107421875,186.17734335268636,436.39002008973415,39.64084960303851,25.86360237288088,439.2073588092289,598.0533331407718,33.804345578573596,40.25569629535396,43.207337219468705,39.12898928662072,35.129752258479755,492.53485698149393,36.70376652184278,1270.5235894391062,335.664096023672,460.4026110500609,263.9097513182635,534.1421140177779,119.10419954337726,112.44148387517768
2020-08-04,5566.578599499608,3306.510009765625,187.42066349257877,435.3671743794879,39.29358515569422,26.308050357689336,432.6153944590508,609.8674450010304,33.8164231489827,40.7552653560464,44.40922921682642,38.79820290775438,34.90388540893513,503.42038864269784,36.663420704618254,1267.394670700949,337.59698423543256,461.01002032269065,266.12409491539586,538.766277518665,119.45450566871838,112.59291790636192
2020-08-05,5638.2693880830675,3327.77001953125,188.10000094324766,437.8902195629702,39.533548121696036,26.19559835837097,431.9055091755658,613.0722208804801,33.514490799438214,40.916891464654455,44.36673371173533,38.68793999157702,35.10973951328639,495.9822555170274,37.107216998910296,1293.753282848028,352.2116023724426,474.04623749020266,271.3970485169558,550.1292058636405,121.90664854610624,112.4429974067322
2020-08-06,5670.127377182631,3349.159912109375,194.6626659270459,452.1127871944976,40.53827340864008,26.008181763986485,438.8220084292894,615.72023361948,33.38163982849911,40.795671883198416,44.6004358339467,41.19756292107835,35.740881176334035,502.8671951263847,38.014974800928854,1271.708779354628,354.50958404447516,476.80298224464843,275.092253004685,553.5569628654807,121.206036295424,112.7882674599793
2020-08-07,5538.17479756173,3351.280029296875,189.8944865766474,437.94866619048696,39.223351729440566,25.719022981775275,430.9724790652104,608.3329999841764,33.351447054256866,39.763475404601344,43.70205603331465,41.68830647618858,35.60721953836698,488.69234605871634,37.460233280652695,1226.5767994551084,352.23306689236705,464.0471379821915,271.75687380808125,543.6804700696362,117.5278178033638,109.99654117714742
2020-08-10,5452.962738018594,3360.469970703125,192.654564711329,431.8310047712111,38.464441945946504,26.35624348805787,422.3927925921817,606.4590268385759,33.17632573866642,39.06922187808867,42.70351354914837,40.84348272806609,35.64557851182363,477.4808549679503,37.76281921465888,1185.1899155215544,346.71367040791915,451.6417152908332,272.3519719185287,540.367702189806,124.44637004281859,107.41152171142983
2020-08-11,5273.877994037717,3333.68994140625,186.92504352679353,423.9793573686319,37.45581397507848,25.804699431020705,412.5149974543228,589.3488895003176,32.771737495986095,39.97652749276548,41.18597572130971,39.77658338620014,35.26960880231251,461.23159804067893,37.601439793349655,1095.305080499569,352.7914721129967,441.619230579298,273.70828033732215,528.7833443547792,113.7620206919791,104.06629347300604
2020-08-12,5411.582586732986,3380.35009765625,193.13736748139806,433.8474728779452,37.57872023836566,26.340177749476574,424.29939646382184,621.4099923760367,32.711349643940586,42.53314414321791,42.4607065704626,40.36050693722547,35.89622498483104,469.6673846687408,37.76281921465888,1122.2326329961095,351.81429574715423,446.96923755257836,275.0507355140839,542.7844852235373,117.0023544393737,117.72358191002752
2020-08-13,5480.7883774748125,3373.429931640625,196.5554254201737,438.38701589686326,38.07035422214124,26.002827879584505,423.3055199277206,621.5593880679847,32.620771321213844,41.658899688258984,43.028268867261644,40.579473529528514,36.17808156809423,475.4558549974671,38.14609678311413,1172.1528264508172,350.26799828584956,451.0576555735513,273.4453221516837,542.5750826569616,117.0023544393737,122.73915974716941
2020-08-14,5468.296111935391,3372.85009765625,196.3802483861487,436.0295893104798,37.742600217541266,26.179534662477348,423.7111730824766,628.1318453650388,32.729467151334745,41.780116467209325,42.62156520972086,40.57015600387015,35.9226711252239,476.789385681416,38.22678841756319,1161.0594662027158,350.9230102312689,447.29630956832915,272.1443844655231,540.3436902485116,114.72536880063481,124.9887413379063
2020-08-17,5664.1386589431395,3381.989990234375,195.86753447978984,439.90668766970424,38.38250344479651,26.200954285460625,426.51023246419095,670.1195771092096,32.602656117380704,41.20708252215269,42.62763665775644,40.557734216102816,36.16688420303182,476.46342625185383,38.297391673911676,1261.7531551289462,354.60622353952425,458.5803119358195,276.0056589156568,546.2465629582223,123.0451455414541,138.99129982817487
2020-08-18,5764.007576419938,3389.780029296875,197.4996602748807,451.5283209193293,39.80082392141451,26.05102100995304,428.96448511689516,665.9778146569597,33.32125428001462,41.1519824576267,43.27410925438625,40.74098520649261,37.13468264479874,485.86723370689236,38.3377336435473,1312.2422165948637,355.4330499551174,454.5620138772424,275.42439292949405,568.5742320981229,125.23456091282532,142.8870029590815
2020-08-19,5718.005551197388,3374.85009765625,197.7474637383452,450.0670957740051,40.01542688409946,25.879668111462177,425.3338166508523,659.3374765989041,33.9371965495127,40.788326515764275,43.05558343668484,40.77980980984629,36.87093380046505,478.6168143857057,39.225322384542494,1296.6452214736823,356.9363856063137,449.5858136785847,278.16467401565035,559.6469443323979,123.1327241607786,142.23885328978997
2020-08-20,5882.382736156889,3385.510009765625,202.13540396211644,466.11134905881283,40.873832781088026,26.329467937984933,435.2319145635277,659.4732795621534,33.369562258090006,40.64874211447003,43.54726421093403,41.77682770927451,37.68624739733402,491.8236426263974,39.29592564089098,1378.0914377459628,362.2195740608145,462.9958019725433,282.5380115950293,565.9789728724671,120.6805729314339,151.574905155564
2020-08-21,5904.370587763673,3397.159912109375,212.55193761675227,460.9873100360248,40.487550425130735,26.38837087984511,432.06777662733856,688.9406991724217,33.327291913438664,41.508293032054986,42.858305371528985,41.4662308824451,37.65456030841065,486.3018663764037,39.59851157489716,1373.3032241907747,361.983333260608,459.74843137038323,282.51034734645987,563.8076312700814,123.65817917281186,155.22073693586248
2020-08-24,5902.545089241467,3431.280029296875,215.0941103854029,463.987679253795,40.66898801665084,26.313404242091316,433.42673171791455,690.9368825525726,33.82246078240674,42.57722475533984,43.19823236299431,42.146438691494524,37.83992178049445,482.8445802340177,40.83912044522365,1338.2216316266374,369.00609816651166,464.6311976994733,285.6658033386274,567.7108498529439,131.10219477625674,152.51153856061808
2020-08-25,6005.7521970637545,3443.6201171875,213.32953588829295,471.90752429804445,42.14973952855015,26.468693444688558,439.0653941322726,692.5528425003731,33.87077106404315,42.59191549020812,43.16181293709672,43.61090159255559,38.31691208171407,484.592968373773,40.89963532347155,1376.9062478304413,373.32282613000245,471.1492884591413,288.0047205253102,574.4101814740691,156.23668223736357,153.20360375234276
2020-08-26,6218.787536393767,3478.72998046875,216.23061621470853,514.8285751884043,53.12759645913507,26.532950270950714,448.5578079408402,693.8021717445221,34.716182564192124,42.624976649926,43.592793124463945,47.19674138958124,39.36905431226279,540.8479950937966,41.43420778272434,1399.8040533406563,376.9308316928737,475.3778751085537,290.99408543732625,590.7783214563882,179.00660544040701,163.03409518205436
2020-08-27,6177.825456130932,3484.550048828125,213.64571511405197,497.12828457611687,53.907966538897625,26.45262974879494,459.57147524110843,685.9396484584689,34.528983678192574,42.61762847998616,43.028268867261644,45.53660097103158,38.93899987529697,519.8474416224576,40.73825590216232,1397.0070225012057,382.2784464774072,477.3870419619303,292.05975030416477,583.5949375946153,174.10230298171763,169.51405523606334
2020-08-28,6241.247185340466,3508.010009765625,213.29963779085944,503.09007841244727,52.88958334665744,27.004171763144427,464.29741031992756,714.1577388245883,34.95168942826706,43.4184080505809,42.75510927955594,45.60493265208057,39.179164451243366,517.4964822224123,41.42411940462376,1418.767091989001,393.1454577463886,477.7141139776811,298.53675336865143,583.903908001532,162.0167374814705,167.5945968293523
2020-08-31,6397.990099528815,3500.31005859375,220.53308673561165,500.1189325084354,53.191974371064944,27.282620733864,457.4417574919498,726.4743257929939,34.553138819010776,43.74900563523115,42.330200540224276,45.53349670892261,38.935428352103045,523.0972688917976,40.9298966101844,1541.22099507953,384.6301058343806,476.91980131774005,293.3883733566418,592.3419891308342,166.65830408218642,188.65939753610965
2020-09-01,7128.791819811216,3526.64990234375,229.31749459515657,514.3025555407528,54.86977123330468,27.196944284618567,460.97100493196564,750.727317738701,34.81883845732796,44.81793735851601,41.97205920465223,45.88136363838547,39.56752106407937,549.7578743833515,41.50481103907282,2169.798301314361,383.2448741981578,488.1103698156628,295.2705770289652,600.6084665959123,176.20415643767805,179.84958095059412
2020-09-02,7014.45432864184,3580.840087890625,224.5663961464754,520.0013098245558,53.980149818675464,27.978742139319092,469.8549235337233,779.2713020636218,35.646132450082774,45.24771281730848,42.35751510964747,46.97777005794674,41.177422953029065,546.0931896582051,44.04653596279589,2007.996150899118,387.3253941317015,492.5258955005626,299.60239711774295,606.1577393743111,174.2774602203666,169.3701888626517
2020-09-03,6531.905010135542,3455.06005859375,206.58741712561223,494.6734073056031,51.7014706146691,26.98275214016115,440.74888412639416,706.9742303547815,34.48067339655617,42.76823513619016,40.311877081662026,45.21047335499442,39.117930860587784,519.3337683884117,41.988949303000496,1807.7465090690773,369.2208416765343,478.9056186157688,289.1949378639521,578.1022793584307,163.76827646013294,154.08647790302126
2020-09-04,6356.241799612659,3426.9599609375,206.72414257248877,479.2234010388188,49.690064233505595,26.816755168759943,434.56257293097207,685.6273057871202,33.65337940380135,42.59926366014796,39.49544098929956,43.90752213089745,37.90758876634953,509.75213473574195,40.21377182101011,1753.5596608537926,359.7390620437757,448.1840560978378,283.2438511707424,565.506947555295,157.46274950007907,158.3721291522234
2020-09-08,6047.692332942006,3331.840087890625,192.81264780478034,450.1839890290388,47.06997311960311,26.19024447396899,411.0546213377198,647.0887703915,33.40579496931731,40.321815812284,37.72599132630073,42.11071835024982,36.510212866284384,500.8323376941918,38.5192859734688,1663.4377733810525,354.23038143416034,434.4236105846045,276.9606034349767,540.6560969192785,149.14298111121664,125.01448292800919
2020-09-09,6398.264600790356,3398.9599609375,200.50327816702557,467.06599712738887,48.8570183398339,26.570433589827612,428.55880101278734,690.6517253386213,34.39009507382943,41.88296842632147,39.06142276233558,42.50828190944493,37.09560820334069,494.0857040001985,39.90110135649225,1847.236973396594,364.71083472294526,454.63209819146215,282.4134591232259,561.04244460647,158.42609760873478,138.67025783347614
2020-09-10,6268.679411542921,3339.18994140625,193.9576940849447,463.94873465458494,48.343927036665434,26.217017981354246,416.55128812576976,668.7480376305101,34.61956430448033,41.3025891138307,38.62437344251174,41.63395108362714,36.50139748615343,474.80393613834286,39.285841110379295,1822.7273269624502,357.45182901683506,444.0956380768649,278.9258420885023,544.9935838226181,155.36091274803235,140.58592663446285
2020-09-11,6217.55923405282,3340.969970703125,191.41124457143658,459.1656541114462,47.42699278831955,26.38837087984511,413.83337794461767,660.7497113812077,34.42028784807167,41.6625709707232,38.2480223939909,41.404107725614054,36.23216629554892,476.1473242840014,39.26566820176703,1815.7109505790213,354.52029991930766,429.8679519194413,277.7356247498604,534.8853527451718,157.37517088075458,141.10838386267307
2020-09-14,6416.380654907164,3383.5400390625,197.15358295168818,473.3492771437636,48.117618999084144,26.45798363319692,416.632437326332,699.1932219996748,35.90579445497592,41.67726450809718,38.29658471595964,41.3326717824561,36.1978587323603,470.44775198151933,39.1042887804578,1912.9439775448907,363.59405705194536,436.7832346572559,283.68671144307007,532.6110489442516,164.03099561419276,158.86429264199117
2020-09-15,6525.474048992855,3401.199951171875,197.46120868773224,484.8052917962898,49.100883989759694,26.77391592279339,423.46778737949336,705.6434690621783,36.79951393320028,42.82333520071615,38.949126445046055,42.30639586773841,36.72583339969527,489.93694857127815,39.427047623076255,1948.1677871118304,364.17392679249946,434.58716441656793,284.2541453049481,541.7357123530769,168.0595285835509,170.2750265513848
2020-09-16,6409.6857244405055,3385.489990234375,191.63341364346874,463.69544611621086,48.89018668787434,26.972042328669513,415.9022492680306,679.760965881218,36.49154395023175,42.08132697711162,38.4665482116923,40.924236196882404,36.23645619515076,477.9549777745861,39.941443326127875,1935.0359349313928,367.0839585998431,422.6489823693999,283.8943200138227,528.3422454122584,166.48314684353744,167.24629971299618
2020-09-17,6373.282190963638,3357.010009765625,188.57425022360178,462.03937906002943,47.705973662934376,26.94526882128425,411.56169551850275,676.9907843489136,36.3405777754595,42.198872473597746,38.01735831137628,39.5731428437734,35.63199916182976,464.4617103865996,39.6892877398579,1958.5263353993687,364.48530979757123,410.68741511870786,284.0880753425436,516.4351721149142,169.02285998829296,160.30672287447968
2020-09-18,6450.60310593247,3319.469970703125,182.5926488307444,455.46386590607057,47.36456175303825,26.715012980933217,406.45037911039225,662.0941068437558,36.080915770566364,40.65976156687409,38.21160296809331,39.21750815004092,34.78523405696471,464.22461883813884,40.496188693992934,2079.9135386306275,360.0075160089986,411.34159479838553,280.4067029790991,507.1971958103473,169.98620809694867,167.3939441384561
2020-09-21,6644.945413252618,3281.06005859375,188.12991207953746,463.3447663511099,47.80742260682867,26.623982647285803,410.8112046853847,679.910361573166,36.727050814306686,41.111575930474686,38.93698354897491,38.5373003409915,34.0983411495323,481.40240645526245,40.24403310772296,2220.9036846845906,352.05053654736076,428.0223388980281,273.2653989472475,508.151555236242,164.731607864875,170.13494978369746
2020-09-22,6846.193470884529,3315.570068359375,191.0865248948189,474.19678297145936,48.34002435274145,26.74714241540813,420.70930259806016,686.4556748540685,36.60627741377669,41.809503541957284,39.76556253740852,39.56227081739482,34.91555975266513,485.17579456550084,43.09843234355281,2335.2982384789716,360.0611936939394,438.6989319928888,277.5695547874559,537.0772700250018,168.40982635693518,160.60960249052414
2020-09-23,6709.300241911481,3236.919921875,183.07118789481225,458.2304783424752,46.039884852466585,26.142051343600453,406.85603226514826,658.5362929893532,35.603862105431425,40.61568095475216,38.97644101446925,38.67241157203499,33.718320029753144,464.86668023555336,45.72085274931385,2372.8924278769546,348.4854600243384,424.28434244815384,270.3867332650031,514.9126977010133,157.2875922614301,144.00081198542267
2020-09-24,6570.41743009793,3246.590087890625,184.95111715336762,455.58078888980594,46.344228707273885,26.324114053582953,412.1296161250315,670.7170769945096,35.80917619526412,41.21075660712261,39.249600602174965,38.751612909796826,34.029961604082345,467.3065376618429,43.51196735113201,2204.3584797603908,352.4370945275572,425.63936527002886,270.59434183575576,518.3335821751531,156.32426085668806,146.81375081736988
2020-09-25,6833.782195984235,3298.4599609375,191.88977059664816,467.3777322932798,47.356759362065894,26.741786488318475,421.52063985692394,699.2746954893752,36.11110854480861,42.0592880723035,39.81715826781609,39.5731428437734,34.4271335970493,476.98695694760943,44.218003762205704,2353.787172225807,356.27062501580247,437.4607282441053,272.9886086373243,531.26533259035,160.44035574145704,154.21519740721166
2020-09-28,6874.563797623703,3351.60009765625,196.4699687561618,475.8820733413992,48.123471536532314,27.539650081600296,424.80647064460476,708.0334686033783,35.978259877430524,43.517588727228826,40.147980402807015,39.88373967060279,34.89316502254031,484.66212133145495,44.530678074312476,2311.878874174145,363.3685648968308,448.60459763133235,277.23741486264686,544.8116294611868,164.731607864875,159.46247266263148
2020-09-29,6792.216639337766,3335.469970703125,194.98310885880613,476.6808538270298,48.275643463935964,27.41113438638831,420.3847676945146,718.3946089364832,35.91183439196097,43.1171975406786,39.46205497184079,40.65557297484711,35.00776496424269,487.4576010078642,45.12576541181316,2206.8236227011344,361.0491187048738,454.39846004527897,276.0195121576885,539.8046996919182,182.59724531314274,158.65607229332235
2020-09-30,6864.944408101187,3363.0,197.9226407723702,477.7524248793412,49.03065354038165,27.727066675984776,426.6116534902179,734.9479002517998,36.05072299632412,43.227397669730586,39.58042273716589,40.67265352544363,35.01419835944218,493.9276530162723,44.883694356054875,2228.67845529863,363.13232409662425,460.3091415323172,276.7530159819711,540.4655518982219,185.8375707085805,162.41926631431429
2020-10-01,7012.519988833828,3380.800048828125,199.59749489946702,486.59772440711,49.4461985835798,27.97338825491711,430.9319354142811,739.5106643224962,36.038645425915014,43.903283573899365,40.29973418559088,41.40721672705448,35.50238602572422,521.0722990664573,47.1026642847484,2289.7394628945412,368.7161469111049,460.098888589658,281.4308503553366,552.9150101103529,190.56671592862088,169.66927887297186
2020-10-02,6854.997538397143,3348.419921875,193.1544483831154,466.6081453927059,48.35368225803759,27.31474812565124,418.21450629442666,709.5135841466836,35.525361353113794,42.41559864673179,39.17372371078303,40.36826996216362,34.74782904084324,496.92067381373215,46.5176614777594,2286.136583931378,363.8410137269844,448.34760992980125,278.81514285873067,536.3924058774038,185.4872729351962,157.14927653190065
2020-10-05,6986.4793799004165,3408.60009765625,199.1018749336818,473.8947988197218,49.07162130251884,27.67887354561624,426.7130745162449,741.0315580518976,35.96618230702142,44.270613600731714,39.67450934150662,41.099724162334056,35.40541684428375,514.2960326970492,47.71792453086135,2301.022494038547,368.5872942510394,459.8886356469988,281.69378742322806,549.1284987814255,189.0779128079319,161.15855229777648
2020-10-06,6862.940027306991,3360.969970703125,193.39372443457748,466.59842410725423,48.800442818876384,27.50752064712538,417.6465856878979,746.1374510930991,35.93598722921816,43.910631743839204,37.88988337399782,40.16948818256607,34.62917478046632,499.69637827643635,45.99317739660719,2267.2683083927336,362.33767807578806,447.7635502125194,277.41731694933605,532.0943941026842,181.02086357312928,156.7290462288387
2020-10-07,6990.059961955712,3419.43994140625,196.6750569264766,480.4021143320105,50.72015547751773,28.20364205258047,425.597505128652,758.4947333651089,36.58816220994354,45.192612752782495,37.94148141998434,40.08562571230932,34.7923829201656,528.1350045831601,46.265505891489425,2278.4564317505356,369.28526800656704,454.65544774681,280.2129476503782,548.5260211549178,188.81517694995844,161.01468592436487
2020-10-08,6968.7419276784285,3446.830078125,196.48706269673545,478.1518299865074,50.76697577710309,28.578477284037113,427.11872767100084,751.6914068864065,36.769321158958036,44.93915413746635,38.2389175375165,40.961511038847334,35.403273348686085,525.3000347696264,46.40671240418638,2268.690478420758,370.6275378326815,451.03427037002734,280.91876610834436,547.6437813642195,187.76426692589192,161.2494219594278
2020-10-09,7108.475871705945,3477.139892578125,199.90512063551108,489.17921621810905,51.890710597161565,28.283964617423923,437.7267108671612,747.5632786041015,36.92632727071533,45.86850145945697,38.68203830537592,41.06866732324999,36.10112513184711,532.8566985969559,46.295767178202276,2334.397482569055,378.4019869493131,460.86985169425117,285.9841111391517,564.1388954863675,188.0269860799517,164.30843098258288
2020-10-12,7212.999922593536,3534.219970703125,212.60320639961688,497.68355726622843,52.10336072944671,28.851572370354706,449.06488212162316,772.7259887827191,37.11352385315387,46.53704199619161,39.72307166347536,42.823537499103516,37.38604458580754,533.2221783087853,48.66602815010444,2330.27304481128,378.02614484394917,470.77548168451864,285.6519500965957,590.9636701760129,191.3549067986276,167.4507304559407
2020-10-13,7362.32281195252,3511.929931640625,206.96340558509456,501.01513394949467,52.05653447611013,28.82479886296945,452.0262089551103,773.9345812820179,36.81763144059444,46.819884883750014,40.34829650755962,42.884106155214354,37.44632421912794,547.3279347090572,47.40525021875459,2459.4586009266263,371.3684733983175,485.3302755058691,282.77330553209833,591.083813693798,189.34064866590538,169.0976029850497
2020-10-14,7301.106090912423,3488.669921875,207.11722497254473,493.2219331744323,51.08107187640694,28.674863544774183,447.9696155088468,765.6239538026128,36.81159150360938,47.70882567858862,40.290629329116484,42.213215871823294,37.36054949434336,534.8421782851718,46.376454965062436,2414.231857917406,367.9967086356528,475.6582480136087,279.8392691172211,577.3659131587372,232.07802936534964,174.64395669711368
2020-10-15,7408.019332323435,3483.340087890625,206.2968853301418,488.1953151070729,50.279244477251495,28.83550663177341,445.5356656309591,758.8206273239105,36.5458918652922,47.231295522704286,39.862682550188076,41.42119301554203,37.14731094586393,535.3261886986601,46.426885312798646,2542.94359848425,363.561843886929,474.58356244861267,276.1717499958083,573.0644651201674,245.82755522493474,169.94186475057387
2020-10-16,7488.512016754919,3483.81005859375,203.40862219944236,489.82215884949585,50.44116864915169,29.00150564586229,445.5356656309591,750.2112913431014,36.40700326092905,47.396592913776566,40.03871749395631,41.29850594193161,37.4780113080513,524.3122387289447,46.204991013241525,2650.0846511061955,364.4530966325549,477.64402966346137,277.1543587636976,561.7461662995871,249.41819509767043,166.45504621290826
2020-10-19,7443.5586152275,3426.919921875,198.2131856066969,482.39913986784126,49.7505424383871,29.22640760181135,434.50172650522626,733.1689933245985,36.00241271468771,47.172521373208376,39.41652605831088,40.59500431873628,36.5631051470701,524.2430857712627,46.21507554375321,2694.363473665404,356.1525210008289,467.38794245391915,272.60109797988247,550.5033814723968,241.97417949422555,163.10829288925396
2020-10-20,7308.303786941075,3443.1201171875,200.82799784364326,481.7951418356645,49.93783256735538,28.61060671851203,435.373879240484,741.1945050312984,36.080915770566364,47.12844356359214,38.65472373595272,41.5516431140906,37.07106997761821,519.0077788137068,46.7496441554171,2545.8828463265027,356.2061986857697,471.82681769416683,273.61139211408823,552.1855164383596,244.86420711627903,159.74262619800612
2020-10-21,7182.455561195457,3435.56005859375,199.73422034634356,483.13947372595504,49.59837051098345,28.648090037388926,435.6781423185649,734.6355990216971,36.03260548892995,47.22027607030023,38.742741207836836,43.28632847723865,37.96167349380422,483.0816416373356,50.673188309752526,2432.9104625601462,358.03169875738917,497.7824329560993,274.62168624829394,546.6808312786994,243.98845433086146,160.0076444178355
2020-10-22,7164.137065175431,3453.489990234375,197.82010320664094,471.09899279826044,48.70874909635423,28.862282181846346,435.86068159580225,725.7410643856907,36.04468305933906,47.1578306383401,38.52117966611765,43.19159398060332,38.48631221887254,479.30828367224007,50.71353027938816,2467.754930335277,358.2249777474874,476.4291754700258,274.0127560135618,545.2149714070126,239.78476412285434,161.20020329971584
2020-10-23,7136.895524510779,3465.389892578125,196.60669420303833,475.87232232724585,48.87457892905402,25.810055358110365,438.57859177695434,738.1934128760996,36.17149639685412,47.34149565175627,38.4756530681667,44.22743648338521,39.09791811539442,482.3210495382621,50.87490970069739,2424.993330266801,353.94043017875356,474.3499243024295,274.0404202621312,550.0210473636741,237.85808460945657,159.24667310251405
2020-10-26,7065.41665996996,3400.969970703125,196.62378814361196,462.9161379301853,47.20848714171062,25.0175476919182,426.104579309435,713.8047422908814,34.716182564192124,46.35704826523966,38.4483384987435,43.034741066468406,37.89352952928155,482.2815292559949,49.42249490891435,2454.7178412645403,341.53787009355943,460.7530326211596,267.20361302426613,550.4742151353272,227.78677724193167,159.11416399259934
2020-10-27,7235.953384320078,3390.679931640625,199.27277522284933,466.1892679859347,48.83165833651703,24.43923012749578,432.5342762078403,727.6829182922927,34.468598129708084,46.25052502366329,38.43012878579471,43.994488863263165,38.22256337453886,482.9631109356767,51.71206809395636,2555.2220039713693,340.5177319176086,468.2523394280799,263.0378417801458,564.0839990760784,249.06789732428615,160.7799614429779
2020-10-28,6921.971100139154,3271.030029296875,190.0440161803838,445.15737096167936,46.515908100546234,23.69491559167215,411.0951649886491,685.8717262562212,33.56883871449866,44.659985334877874,38.1205497721914,41.568728404018586,36.13448164610706,480.3059371746314,48.94844117549836,2446.27943952959,312.88847078983395,449.2820912181818,250.31912958824162,542.877180536178,240.92326947015903,153.7154547059953
2020-10-29,6923.239835914985,3310.110107421875,197.0852202282499,449.19033690384924,46.264240059648074,23.619948953918357,415.2329076354749,707.4359687180782,33.8285007193918,46.445209489483524,37.60458783695784,43.612451353944344,37.34053674915,498.0566332314876,52.882069860345474,2321.455156608018,314.8213262313351,455.6600133494103,255.85502025769307,551.155643019075,280.1575889161921,155.5364757932824
2020-10-30,6605.995810707751,3269.9599609375,186.04489465066732,435.5425142620384,45.31414044013736,23.71097928756577,410.66924000842846,680.8201626885688,33.88284863445225,45.31383233423853,36.36931213772033,40.8605632786626,38.62164328217619,469.93407874747345,41.71662080811826,2185.0635532133388,309.94622581747404,434.844152118099,251.48168267831414,521.1416802312348,267.80928755797146,146.9083985310695
2020-11-02,6607.978579349969,3310.239990234375,185.89107526321715,433.4383464853274,45.34925566482638,23.80736554830284,410.3852797051641,683.3595579217167,34.08816272428494,45.53790387480672,36.36324068968476,40.58879105518688,38.741248591481785,478.21181439160904,39.810325191531504,2147.5641269250564,311.37438649354567,438.6521972340169,255.67511817100385,515.7056784429209,291.8052780237304,151.6294269525548
2020-11-03,6681.167619694045,3369.159912109375,188.74516355162558,442.28361628439444,46.262290206123886,24.0162017656706,418.70127770039306,707.1915482489773,34.299514447541675,46.0815507451154,36.645502818285905,41.20066718318731,39.31735156973955,481.273988146751,42.08980999847292,2140.500441325029,317.1944828784923,420.07910535408934,260.65740710286195,523.2460565941992,310.8969827347137,160.48466103838206
2020-11-04,7063.7916176758645,3443.43994140625,196.45287481558816,474.6351624065373,48.91749952159101,24.471359561970694,438.90312668049984,749.2743047703011,34.112317865103144,47.374554008968445,38.03253230030729,44.62965880540951,41.674187510108254,490.88525447483545,43.12868978267676,2293.105506421705,329.87624557400125,453.90783419756474,268.4491799777939,556.3307401887175,330.2514065997567,159.37918221242876
2020-11-05,7303.4127281779565,3510.449951171875,203.425716140016,483.63629978854976,50.76697577710309,24.460649750479057,452.898361690368,769.1410723534112,34.21497375823898,53.41346054689402,38.949126445046055,45.76333532760423,42.013464763092784,507.4901035070837,44.08688178002043,2354.877599031628,339.89493313720567,477.9010173649924,273.52835713288596,570.2065831439153,370.88695054715424,165.85686619226794
2020-11-06,7319.450884486417,3509.43994140625,202.84465254907516,481.84386717772963,50.753317871806956,24.30536054788181,453.77054537497764,790.9767964180287,34.299514447541675,53.26652517315425,36.175067481003296,45.56610804872689,41.97486730030233,508.4482367272078,43.49179444251974,2370.9012451612166,336.7916223397639,473.62569595670817,274.67705698092675,568.382010850798,364.5814569949277,162.77514264211905
2020-11-09,6771.502547891565,3550.5,198.79424919763775,458.9610909151373,50.583588332058795,24.417810504512502,442.95972012676333,740.3932799805015,34.32366958835988,52.384935350761175,35.5012803149503,43.29253700145658,42.00464938296183,464.758037140747,43.56239769886822,1959.0714764640275,369.99399040718663,431.5500467570671,294.3432967582147,539.6090421807431,385.51226259998424,159.48518718962532
2020-11-10,6461.343488191015,3545.530029296875,198.19609166612327,440.3158437910238,48.31661420294877,24.33213405526707,427.9908804062586,693.6391833238753,34.221011391663026,51.46661028368032,36.096154865593576,42.30794562912716,41.46595142082554,474.37916093054116,42.77567350093436,1782.5730868375197,359.49207259847725,428.3727604691268,295.2152062963323,520.9477408519847,363.8808280403318,155.35853762938
2020-11-11,6774.878122057781,3572.659912109375,204.21186790127166,455.6587078169278,49.5886152896113,24.819419243354403,439.2276615840454,728.8371398767965,34.54106124860167,54.250972559670856,36.35413583321036,42.93690704705558,41.759482347818725,484.7707945714042,44.00619399316027,1959.5455813655367,356.9256697314812,449.35217553240153,294.3709821245311,538.5190760497376,377.2800728304463,157.92160511071904
2020-11-12,6853.948651935902,3537.010009765625,203.73334187606005,450.62233873541504,48.659975966369075,24.069750823128793,436.9762509833951,730.9420236452912,34.08816272428494,52.862465506645506,36.21452263091868,42.71948547680982,41.69110280236877,480.829467870387,43.179123978001876,2032.079291001358,352.5230181477738,441.78278441126145,288.2261401026005,533.8657881174377,422.9950430673548,155.8885740690388
2020-11-13,6712.567946765457,3585.14990234375,203.81879854007195,457.20760290352723,48.677533578713586,24.342843866758706,439.14651238348307,722.2647240209885,34.36593993301123,52.99102765302999,36.66371484681366,43.00989749093374,42.33868568741585,476.9474366653422,43.85489910236272,1913.2757207670943,359.7605265637001,440.6613640873935,291.2985611135658,537.0463855560071,390.2414078200246,154.65436418521915
2020-11-16,6716.603814134494,3626.909912109375,205.59619023289807,449.0344990496055,48.75166968889122,24.73374279410897,440.6068885000861,734.1195726260975,34.51086847435943,54.75788979030314,35.995996813217275,43.322044079151894,42.44256524272341,473.2530891196383,43.09843234355281,1892.274190186413,360.21154364418874,448.417694244021,294.3709821245311,537.4325880882388,399.1742265441585,154.4991405483106
2020-11-17,6745.952442606667,3609.530029296875,204.0409676121041,455.85354972778504,49.976853452844,24.380327185635604,434.98852886054453,729.0680504996909,34.49275096696527,54.6366702088471,35.97171565223291,42.70706368904249,42.17500347745548,474.7644158560756,43.2194659476375,1904.031326231928,361.33903719002114,449.2587416628339,291.6168900318371,538.2221325662963,408.0194499450542,167.18950184183558
2020-11-18,6780.111298771655,3567.7900390625,201.71668717062818,447.59274620388635,50.16999314238484,24.128653764988968,428.1328760325667,729.4211299158898,33.967389323754944,54.01588156669861,35.461822849455956,42.23650968596921,41.61819777638969,475.91026288068355,43.70360805915408,1967.6049306616846,360.7377029295426,444.1657223910846,287.63104199215303,533.0384447370285,394.62023856276704,184.2374591249445
2020-11-19,6830.162167931504,3581.8701171875,202.75919588506326,454.35335025454907,51.631234211539834,24.42852031600414,430.8507862137188,730.0457323760952,34.08816272428494,54.192198410174946,36.46339874206106,42.38714933655473,42.02657004282557,478.7551203010697,43.99610561505968,1964.0493609151201,358.5256448777267,445.9879858571499,287.2712167010276,535.0226775822077,424.3087056533085,189.0190519159627
2020-11-20,6910.61760475633,3557.5400390625,200.53745300931658,450.95357592961267,50.341675512532795,24.30536054788181,426.73334634170953,710.8987163540818,33.63526419996821,53.64120336992643,36.98846784934798,41.88398399367717,41.50883587481132,482.2815292559949,45.06524668597636,2084.037976388402,346.84252306798464,450.1231386369947,282.1643541796191,531.9982625261933,431.31482816013096,185.36186287216734
2020-11-23,6948.984515068734,3577.590087890625,194.57294555703282,448.70326185540785,50.26363969530678,24.664132083444834,426.1654257351808,713.7367786473877,33.864733430619104,52.82940714943333,36.98543212533019,41.68675197546836,41.334194789122336,470.8033440864962,45.32748680275802,2039.8540616153975,356.5498276261173,469.16350680928866,288.0877555065124,531.8248988243876,484.999302420345,197.56762833369717
2020-11-24,6973.978066528933,3635.409912109375,196.8288632750705,450.73926171915036,50.887932186866095,25.172834851827766,433.77153844692475,703.8373766775795,34.76449054226751,53.60446812523864,36.49678475951983,43.00523872810456,42.14474441612839,476.98695694760943,45.61998820625252,2026.9117356543609,367.6638283403972,481.26520704024404,290.19137875612614,535.2011956797888,468.62245138885254,210.26179078662244
2020-11-25,7114.8306092739485,3629.64990234375,198.29862923185252,457.928464462036,48.15273720064878,25.194254474811043,433.7918102723894,718.8834498746854,34.66787228255571,52.924910938605635,36.87920494049728,42.79868918423739,42.20550102811638,479.0810797306318,46.83033578986616,2103.5698830479564,366.51483750438086,501.02980355825935,291.86599497544387,546.7031669937254,470.198833128866,217.31115065438382
2020-11-27,7267.075456461048,3638.35009765625,199.2556812822757,464.6988195268521,48.3107616655006,25.408446619268464,436.5502950538226,720.3228701143865,34.87922400581245,52.83307843189755,37.686533860806385,43.14345185159128,42.723944847319004,485.36344807969897,46.99171521117539,2235.7895947917596,364.0987518173748,493.8575331189137,292.01823281356366,548.4659703488535,472.9137202161842,221.76338280399142
2020-11-30,7271.504970195524,3621.6298828125,203.45990402116328,466.10159804465945,47.95374199678415,25.890375880266138,434.1974943764972,727.9409314900925,34.85507116855526,54.05995937631484,38.77309150127782,43.01300175304271,41.95080314484093,484.71152922057473,46.91102357672632,2267.7897225108413,361.3497858351131,500.2354552501422,291.1186590268766,543.7800379099772,442.52462417104687,214.88815994073212
2020-12-01,6938.103834317343,3662.449951171875,209.7320372094911,466.7640129756513,47.085580878423436,26.53830619804037,438.53804812602505,727.3162461473951,35.47101343805334,55.5623378408564,38.61830199447617,44.50075846824969,42.84092968235935,498.42211294331696,47.07240299803555,1926.2180467281307,363.89472418218463,505.8891490356493,292.2950231234868,552.7124800714774,397.2475303268471,221.38479194919282
2020-12-02,6980.157013747393,3669.010009765625,210.34728868157922,468.8194851389989,43.0725263143442,26.720368908022873,436.834255357087,735.7084299989925,35.67632752788604,55.092155854911915,39.31636800593458,44.6513981188352,43.55212523458696,497.2367757815846,47.63723289641229,1957.2699646441943,365.33363350334827,496.5909283180116,290.88336508980757,549.8717375088194,420.19259406462584,215.3500527994094
2020-12-03,6949.555516385441,3666.719970703125,210.10802566897343,471.76140772925237,43.10959436943302,27.304040356847278,434.5423011055074,727.6422229886886,35.791060991430975,55.06644566763958,38.964302749556026,43.77085876879948,43.52401257726404,491.4482753077155,48.20206279478903,1960.4937911685554,359.8786633489331,501.21667129739456,287.9355176683926,546.9880835536911,397.15993500360895,224.6482432689684
2020-12-04,6949.231866454152,3699.1201171875,208.9287915076618,473.43694708503887,44.06359667286772,27.839518675303143,434.7856868084906,736.4552841349946,36.207726804520405,57.898557035710574,39.05838935389676,43.436968127824166,43.553079191922144,492.22864262049404,48.141544068952236,1943.7589153484512,369.76849825207205,508.7627485113628,294.3432967582147,542.8428598033332,376.9297583531483,226.79105733989348
2020-12-07,6998.5858455084235,3691.9599609375,211.49233496174355,479.52538519055634,44.422566195108345,26.8810119950221,434.6436911821825,739.0897041452956,36.11110854480861,58.04549240945035,39.71092876740421,44.350118817664175,43.35032254050373,509.4854708021522,48.31301186836204,1933.5188571171645,366.128246753925,509.1365196378094,294.3017792676136,542.0567096834692,395.05811495547584,242.96447067271177
2020-12-08,7025.181383377571,3702.25,212.56901851846962,482.4770587949631,44.453781712749,27.143395227160376,438.1323640219172,725.1435645003907,35.646132450082774,58.332009381978665,40.10852293731268,44.011569413859675,43.32816629971271,506.4034916881624,47.83895813494605,1953.1929807795216,365.9457164089187,506.82366597220596,294.4678703477651,545.3677594313742,407.7567307909944,246.03862656508807
2020-12-09,6754.091182728875,3672.820068359375,208.12554580583253,471.2353583528992,43.03155855220701,26.811399241670287,429.5932521491697,702.370770980481,36.06883820015726,57.31083235578566,40.41810195091598,43.16053714151926,42.508085824574316,487.57613170952317,47.63723289641229,1826.8990739368232,361.7148792953851,492.4791607416908,290.05299416003805,532.8221696427524,385.42466727674605,228.85059251429183
2020-12-10,6841.973567295912,3668.10009765625,210.620726536476,464.54295194390664,43.49002418794214,26.913139386809338,426.9970348195092,704.6250089996777,35.917872025385016,57.21165167913773,40.876396707706405,43.03629556718862,42.29841879928882,494.9747144077835,51.65154936811956,1886.6326746144102,355.99142240548764,503.08566952233167,287.32656631591345,532.3570168532806,396.0214630641316,237.4029700914266
2020-12-11,6799.695971028781,3663.4599609375,209.20224240141488,463.6077761749356,43.392477927971825,26.629336531687784,432.55454803330497,706.8520615614771,36.600239780352645,52.99837582296983,41.21632833032965,42.48187909385859,42.45185760152196,497.07872479765837,51.88353204577727,1882.1290397413304,351.58880359203965,500.0952866217027,285.43053051930536,534.9196734780166,367.6466251517165,230.93663182140833
2020-12-14,6873.266843338445,3647.489990234375,208.12554580583253,473.84610320635835,43.16812272079033,27.025591386127704,434.4611519049451,722.9029192098926,36.69081810307938,53.736707159098735,41.74442853047643,42.5812723533231,41.93460332058181,516.0443906916616,52.468534852766275,1877.2933722930402,355.5941157801992,515.8181642294408,286.8283353109529,541.8799097178131,358.8889636662316,242.23379309583277
