Date,total,SP500,ACN,ADBE,BABA,BKNG,DEO,EA,FB,GOOG,GRMN,INTU,MSFT,TXN
2020-01-02,3257.8500976562505,3257.85009765625,325.78500976562503,325.78500976562503,54.047733120117186,55.77439367187499,273.59425120117186,277.2104648095703,325.7850097656251,325.78500976562503,316.7281864941407,325.7850097656251,325.7850097656251,325.78500976562503
2020-01-03,3236.9983501590855,3234.85009765625,325.24243648901916,323.23274126838436,53.36650980142467,55.529740580637885,273.0364038639825,276.84890996327294,324.0611964288556,324.1863168753638,314.6991251253995,323.6062567158911,321.72841631936166,321.46029672749216
2020-01-06,3257.491484085001,3246.280029296875,323.11857802278297,325.08362050672133,53.277975349347045,55.04366699051852,275.1857759846351,280.9293371752127,330.16443639831516,332.1798104107351,314.6347210097777,326.09101461729625,322.56002540369013,319.2225222159689
2020-01-07,3250.9489814978924,3237.179931640625,316.1424534140549,324.7719150695321,53.52144603070374,55.5988360115402,272.8230989850285,279.92214586006145,330.87879582989467,331.97252827878754,314.1516041394075,326.16445279336864,319.6190013450195,325.38270374049375
2020-01-08,3280.417336899343,3253.050048828125,316.762567572237,329.136088477198,53.6124384180211,55.4603760405243,276.46555518679133,282.7629423823666,334.23324724684994,334.5885817661478,312.4123981494816,334.0104216727089,324.71001497831344,326.2627050087025
2020-01-09,3309.37958769713,3274.699951171875,319.5840101134223,331.6494123752285,54.542048288549765,56.03544273408141,278.6805711328685,282.4272185117366,339.0164412236216,338.28394490926405,313.70070161302056,336.48292742673266,328.76660842457693,330.2102609440266
2020-01-10,3303.1682583863853,3265.35009765625,321.92490262128814,331.0259420434467,55.04620270308702,56.10560803818949,277.5156310715294,280.43864715384007,338.6437165006297,340.64269167270965,310.80202496314405,336.9113416898938,327.2453858822281,326.8661640463994
2020-01-13,3331.013581474575,3288.1298828125,324.91687359910645,336.695502742193,56.6816265024241,55.93354879760116,275.53031844287045,283.61518725003657,344.6227148957585,342.9061299548318,314.3126267146344,337.8783274803247,331.1802864769999,326.7404386177941
2020-01-14,3313.656797566798,3283.14990234375,322.03340781463476,335.7213526453102,55.700373723851,55.69104858005418,275.8912843753539,282.99538175684995,340.1967006347767,340.91669264999007,313.34641754623874,333.76560284972885,328.8477576251392,328.55077736487067
2020-01-15,3318.0211530223764,3289.2900390625,321.30478846310604,334.0750366032822,55.348693850780215,55.52113564951668,279.4189014362996,283.0728549805906,343.44243178794613,342.89897527481793,313.02434782344017,334.1572980248538,330.97744442494604,324.77924470279686
2020-01-16,3347.977169903799,3316.81005859375,323.9712202059481,336.4519652179723,55.07325500101554,55.241268633439546,279.2712403827702,287.334059615679,344.40529806484426,345.8771835407681,317.1468992488891,338.8942471520653,337.0420627688766,327.2684700715307
2020-01-17,3380.863067983872,3329.6201171875,324.3122770792142,340.6992453706045,55.931543471290425,55.23965397817195,280.0751894758419,291.6469064988407,344.97989461154833,352.7127822764909,318.9827236984201,346.21389665151713,338.92839481505206,331.14056005688025
2020-01-21,3379.3828612645675,3320.7900390625,324.23475985257437,340.9525339089785,54.66009297379564,53.515809289015905,278.5821053947316,290.3039913130595,343.89281045697686,353.6681938149329,323.9748658326596,348.8577830524485,337.7114044014323,329.0285109739623
2020-01-22,3390.6278323233287,3321.75,324.63783996912684,341.01098053649537,54.68714527172416,53.79030396632667,277.2531058413989,292.0601035932113,343.7064599438096,354.0374741894717,322.78320540107046,355.3083518781967,336.0887608330565,335.2641008994404
2020-01-23,3395.505838859351,3325.5400390625,326.606640327147,342.6670475926768,53.89033895559839,53.58651609336617,277.3843684564642,293.06731461162394,341.2837847893481,354.204271302804,323.8782473730545,353.22750394519,338.1576321564694,337.5521732556086
2020-01-24,3362.8626876460216,3295.469970703125,323.335635719349,342.2871147851157,52.56724179748628,52.7735240388536,277.59767333541816,290.0973829142435,338.45736598746237,349.4534183532463,320.7541194599845,352.6154942418478,334.75007756794514,328.173639445069
2020-01-27,3304.9457860130196,3243.6298828125,320.2041242716044,337.9326626629015,50.530953152273696,51.31987156144771,273.01998038973437,285.5262656809311,333.68969332123555,341.6362324204941,317.0180664453007,347.3277587940929,329.15198975386824,317.58818755913546
2020-01-28,3353.8036962606584,3276.239990234375,325.9245502355513,345.46285361413817,51.701572016346454,51.55000260073542,267.35941468238417,288.98688739968424,338.22440414934596,346.0821098634428,328.2584644056802,352.71343671268295,335.6019894270901,321.93801115357667
2020-01-29,3346.003737180347,3273.39990234375,322.38998232619065,342.5696266372482,52.14178634149487,50.91821293635492,263.8810430083988,289.7874703160195,346.6726416305708,347.5283150003996,323.7816289134494,349.9716451950243,340.8349677373403,315.5264171378554
2020-01-30,3326.6503218410667,3283.659912109375,323.02556681278975,347.51829604878407,51.2957912999915,50.33051451896657,259.8940193126167,288.3154199551629,325.39676373208835,346.8635696085386,319.88452875119395,350.84068851462007,350.44910534675137,312.83605793956303
2020-01-31,3257.4277164347905,3225.52001953125,318.1267950653013,342.06307928920177,50.80639200203837,49.21372770131176,259.1556890091856,278.7083461460942,313.56303221281854,341.7148466484517,312.25135100190994,343.1905672228423,345.27694251289506,303.35694762274056
2020-02-03,3304.328719608194,3248.919921875,322.1419366629178,348.74573468404094,52.40738969772776,49.44170914872898,263.0442720026148,271.27062111807066,317.10383414294114,354.0350892961337,316.0196429329218,346.1526732687182,353.69439248350284,310.2714241698759
2020-02-04,3363.4970294944947,3297.590087890625,329.4746121282653,357.259797017612,54.81257126783499,50.126729927825714,266.8836096090836,276.513186092643,325.8626637116639,344.77405403569753,318.3707740244615,356.0917422284465,365.33679586669376,317.99049358426674
2020-02-05,3377.4758605016436,3334.68994140625,328.99403844000943,356.10055602402537,54.158400247071,52.13716608152089,267.9008635811093,278.45009549920485,326.2974973734925,345.05043990631594,315.761977325745,354.7330612628907,364.89056811165665,333.00119664860176
2020-02-06,3412.840311077745,3345.780029296875,332.00152705611754,357.9611862765157,54.32562990512159,52.71814333226689,271.65818395947326,284.08004629574185,327.4467141635579,351.72162642204444,315.15002765178644,360.1187391814807,372.4561371724713,333.20234966116743
2020-02-07,3388.03025849968,3327.7099609375,328.00187944185444,356.62660540037854,53.25092305141852,51.33868951531842,267.7532025275799,281.72992009154797,329.7451240470314,352.4363964058725,309.8357912224036,360.7307488848229,372.98348317871887,323.59749473273257
2020-02-10,3418.856722408603,3352.090087890625,329.5056237499085,360.4355358466345,53.06401865373147,50.721687730278944,266.21089809529315,280.7227287763967,330.87879582989467,359.45307253089027,314.6991251253995,364.43952619291247,382.7395854650862,325.9861244121765
2020-02-11,3403.411260625516,3357.75,328.87001560837297,359.7341465877308,53.41815646204199,51.33089519365066,265.29208482562035,281.600804619734,321.76278654538214,359.47927727354283,315.761977325745,363.4358586685532,374.0990525663117,328.626204948831
2020-02-12,3424.803891701594,3379.449951171875,328.63748758338994,364.61464808629813,55.164247388332896,52.703624562137136,263.10989079225544,283.35693660314723,327.3069275820251,361.73794576898905,315.02119484819804,365.55338833548825,374.64670134737577,332.9508988039568
2020-02-13,3425.2590060539287,3373.93994140625,329.27307206998904,365.150418748103,54.192830103291584,52.69233182072292,263.273975320033,281.08428362269404,331.0030374042253,360.8778427118704,316.59937826289706,364.5619356044025,372.6184046242441,333.93149576145544
2020-02-14,3445.8135060538934,3380.159912109375,329.22656646499246,369.8555803641199,54.013303263896596,53.52629470279633,263.9302633595753,283.2794633794066,332.618130477209,362.3264327421652,316.21287985213195,372.4568757191603,375.944810012206,332.4229057162344
2020-02-18,3450.3387107438216,3370.2900390625,331.38141289793543,369.05677014978755,54.232179582564505,53.13162963537679,265.4233474406856,282.68546915862595,338.2399491565481,362.07151091158846,312.7988965602467,371.5755802521832,379.7579868061344,329.98397819214557
2020-02-19,3489.4924028599057,3386.14990234375,334.72995838730964,373.3722479440899,54.63058274062739,52.92219703261901,266.2601184464696,283.51188305062857,337.7585278664277,363.74404824313143,333.89477055786153,374.0725529468618,379.85940783216137,334.736107811718
2020-02-20,3444.0070924130355,3373.22998046875,331.59844693956506,369.16391239066786,53.62227391155289,52.98725910717199,264.86547506771234,282.0140017141046,333.23933834886213,361.7093561329985,321.4626875935482,368.723594116308,374.0584779660305,330.5622691245129
2020-02-21,3380.5968695566007,3337.75,328.48245313011034,363.3092905239194,52.28196370161694,51.852993318063504,264.8162547165358,278.94078552057755,326.406193940621,353.8373467375381,311.0596905703208,364.2314638120765,362.23350435625036,323.1449292289705
2020-02-24,3255.3740561636823,3225.889892578125,316.80907317723364,348.17098969432425,50.700644498136896,48.191841262463946,254.98820738294566,276.409881893235,311.7149773017184,338.7032789598351,307.13037606408204,350.59586969164,346.61562577800646,305.3432904600603
2020-02-25,3183.716682071349,3128.2099609375,305.55426732426287,338.8093918043557,50.56538300849429,46.41852642391008,250.3777175603335,272.1486772581466,305.58069471116926,330.80744971506005,296.30866628610625,348.6007120820871,340.89584511243794,297.64935078498485
2020-02-26,3178.708066619673,3116.389892578125,303.33739764803346,342.2578914713573,51.33514077926442,45.117846124010555,245.57032129723152,275.1444399311944,306.24846651445694,331.9344281535103,291.0910483163285,342.83559113575353,345.15524966140345,298.6802455871284
2020-02-27,3045.06997653909,2978.760009765625,289.0285975739579,328.79512999754866,50.42274396055961,44.6245131488263,236.3329181777591,265.3307577233097,294.6787394543933,314.0437145177673,287.5482322208549,328.97968248709975,320.8359608092874,284.4489864677264
2020-02-28,3051.216850230924,2954.219970703125,279.95962612063687,336.19867667959824,51.15315225205683,45.58725463394934,232.83814806530955,261.7926824840773,298.9028581950057,319.10428367654464,284.68176991496165,325.40556673788154,328.60434097280415,286.9884904980981
2020-03-02,3189.040244675313,3090.22998046875,293.849875749743,350.9667957157856,51.88601847879377,46.48305028004053,238.95812040749618,276.0483270469377,305.06820710330186,330.9647072550404,301.04316738551375,344.16976780654664,350.469377172216,299.1328302738976
2020-03-03,3076.3078794480616,3003.3701171875,282.48654104848913,339.3354411807089,51.00805526888243,45.24743205469398,236.13603677305318,275.55763702556504,288.68421974871956,319.5951063591245,290.09262480394955,328.3309536957213,333.67508278063343,286.15874870852014
2020-03-04,3200.9878218806552,3130.1201171875,292.78019952494816,354.44451869654563,52.12703122491075,46.567737636098016,242.485712432658,288.80610997653554,297.8002290332321,330.3476306458738,300.8499304663036,349.51872663710043,345.9260123199861,299.3339832864632
2020-03-05,3109.0826016362803,3023.93994140625,283.0136203417416,341.95590731961977,52.00406691661254,44.290873517790764,236.28369782658262,284.62237856518783,287.56606927640115,314.27007579641855,287.87030194365343,351.51388424665333,337.24490482093046,288.4468210646884
2020-03-06,3035.9851134198157,2972.3701171875,277.10717195780836,328.06451742488656,50.32683195018992,43.340501210927,236.3329181777591,278.0627096772402,281.2298911654825,309.3548397109317,281.87971172469025,338.04967077312443,327.71191641208173,284.52443323469384
2020-03-09,2825.710006779153,2746.56005859375,254.4115141769439,297.8853664498266,48.61025125706727,41.074394897431084,220.92632236492355,260.6563559938507,263.2308107379165,289.6152811410267,261.395787401034,318.2940169733736,305.50204253430786,264.10786285145156
2020-03-10,2973.811414338576,2882.22998046875,270.6116210373362,323.788013958496,50.75720702923367,41.913195181667966,227.70260778243642,266.98358550731496,276.7262466551191,305.06145002128744,271.8954028838665,330.0690776890207,326.393504972435,281.90950162036177
2020-03-11,2839.8360354171245,2741.3798828125,255.9617640899946,307.0813457426963,48.9176620278128,38.78113152633486,215.52828188770383,261.3019924627046,264.38002752798195,289.5795368250223,259.30229734432623,319.6159414967853,311.60723547851956,267.7788190072426
2020-03-12,2599.8720692149873,2480.639892578125,236.45961734522473,277.6327776115968,45.5213884330278,34.42312773180182,205.97914570481637,241.0806535294159,239.88946109741968,265.6347423667826,234.72798679451483,291.24318061482575,282.0549373668014,245.2250506187599
2020-03-13,2843.7945646899207,2711.02001953125,258.132104506291,326.827357504178,47.71015161970685,38.21198195360595,209.55597059904665,250.66189636281732,264.44213646681857,290.60879280474603,249.09251266796426,319.7750699963115,322.1543722489341,266.6222179595008
2020-03-16,2506.868971124168,2386.1298828125,236.47511132857812,278.63615102223804,43.98433457930013,34.67234911599114,187.56998329129613,228.99433804433937,226.75120489600684,258.3488350511603,228.1898755895596,273.4826470705199,274.671938532576,235.09220260260264
2020-03-17,2656.8440389632565,2529.18994140625,244.48992419539417,303.74973933072846,45.45006703277402,36.78521414276944,186.0769117280778,246.40071143099027,232.04688648064587,266.79982093051007,238.10978031476157,292.7487192554725,297.2874655651059,266.89879855602675
2020-03-18,2534.6299165208775,2398.10009765625,234.32026489563515,286.99434577286365,44.26715098735687,33.16895737997618,170.7031253100626,232.9714610568711,228.22655878077236,261.3199177211617,230.95971943584775,275.49005682745417,284.77284754795346,251.43551080492261
2020-03-19,2575.88516351166,2409.389892578125,245.71461121853218,299.5609058056131,44.48356937078505,32.03254199899722,183.07434512739306,232.58407523490646,237.80846804486046,265.72528106143005,225.80653015403658,264.25354896202293,289.4582389758433,255.38304755723962
2020-03-20,2472.4034644178805,2304.919921875,232.4444757476082,287.70548604592074,44.586858939446806,31.654814402789174,179.76003294540135,224.52654471369632,232.52830777076628,255.48737022251012,212.66587905615955,247.05607256269565,278.58656730188324,245.40105470900303
2020-03-23,2459.648608123514,2237.39990234375,222.7554137910415,299.32708956684405,43.36705134999646,30.977587945360202,168.32403735409983,246.55565787847158,229.99695974583364,251.74675227410268,204.93609513344282,238.34106036375965,275.80777974563347,247.5131229749281
2020-03-24,2654.8299918415173,2447.330078125,243.15670832397313,301.9865300336667,45.681240532786326,33.860430216503985,187.6848349500052,243.5340839330178,249.99937927992002,270.29264264428963,226.64393109118865,286.20022663594307,300.8775284815157,264.912455718707
2020-03-25,2610.349331341173,2475.56005859375,235.35895315372315,298.0022597048603,46.372299345010624,36.72042117742773,194.1657732246753,231.49941069601454,242.59166202163212,262.675584163471,230.95971943584775,284.6824358479149,297.9973508485908,249.32346172200468
2020-03-26,2797.0295450668445,2630.070068359375,265.6198144249181,314.3290248418005,48.03477919484912,37.79984119655238,213.90393519152832,256.1885429599463,253.66442278437324,276.79467623741294,239.076014055502,304.0341796792674,316.63740268606773,270.9469118146266
2020-03-27,2665.530085753692,2541.469970703125,252.50471340727378,297.9243110490367,46.37967690330269,33.7442899009249,206.25806937341108,246.29740723158227,243.49237196637893,264.6340469389842,236.82147685122257,281.14502050967906,303.6360132629489,252.69268835894724
2020-03-30,2770.0906502506027,2626.64990234375,263.2634515886353,310.1596636162902,47.038767547119015,35.17132682097267,211.3279783487516,252.28891287441655,257.7177123223632,273.2374914875734,246.99904718360128,291.3778234966432,324.99397528157783,256.51449968265894
2020-03-31,2744.5479315269404,2584.590087890625,253.09379228887627,310.0135173187964,47.828196304952726,36.16847818512158,208.5715260218412,258.69361561162145,259.03775831505106,277.0472422587168,241.4271451470417,281.5244635374226,319.8826898228192,251.25950671467945
2020-04-01,2625.167051775264,2470.5,239.7926451963091,293.4237423580305,46.1263707284142,34.18734868089719,199.36694481508107,251.87569607678458,247.85627728852415,263.4213286766275,229.99351026745208,266.9831070093541,308.5242157935408,243.61586488424896
2020-04-02,2682.2148670649567,2526.89990234375,242.25756053581136,296.1026551244582,46.45591417403592,33.87467987742247,202.9437697093113,264.1686199606771,245.66656397217912,267.0475880810729,236.5960255880291,275.67365226763525,314.913338091665,256.51449968265894
2020-04-03,2627.684598394475,2488.64990234375,235.8705148086858,286.02019567598086,46.01570360146038,33.08642289760881,198.92393661870884,265.563197097793,239.43908242838896,261.57722444507635,230.47660256547752,267.31359747873404,312.0128886332755,251.38523214328475
2020-04-06,2821.513181581315,2663.679931640625,257.4190027930521,310.8805251747989,48.312675979853516,36.47389088535106,207.40659847839405,275.0669667074538,257.09652814736734,282.79160687199374,242.97311421775743,293.9115339564119,335.21660809779877,273.9641302710828
2020-04-07,2799.3623703496805,2659.409912109375,254.4270081602973,300.9441822951137,48.693866086092555,37.00324839482878,207.505039180747,274.57627668608114,262.1903142116369,282.69391349733235,239.076014055502,293.47088622292335,331.60624240657245,267.17537915255275
2020-04-08,2866.693757743892,2749.97998046875,266.2244109448104,308.98092059439676,48.19708922984737,36.88737718846096,209.45752989669367,275.8159073757157,270.6540730034066,288.3572789893137,249.15694135593083,301.02308372091994,334.9326477945344,277.00649764986156
2020-04-09,2893.437572334765,2789.820068359375,275.8204616913839,310.4616477680277,48.29300124021706,38.19343310894651,219.12151773829024,273.2333615002999,272.0672942526781,288.636020669205,253.31170712536303,308.57529989597043,334.952919619999,270.77090772438345
2020-04-13,2888.441000109411,2761.6298828125,267.52663884952466,312.36122261972815,49.048003894403074,38.20338030430439,214.31412147518824,282.27227206425533,271.44608638102494,290.0917944635787,250.63848173867999,306.1150089352202,335.7033795037652,270.72060987973845
2020-04-14,3000.570039519694,2846.06005859375,276.0995189763,331.96111781241774,50.3612618064105,38.967174600450065,219.54810246041433,289.32261127031416,276.6951803373721,302.40249753790886,264.06898821537226,319.86076031976535,352.31513461811033,278.9676915648588
2020-04-15,2942.137745444552,2783.360107421875,262.68984303544977,323.9536028268931,51.194959666569474,38.30016444759024,217.7104759210687,293.14478783536464,274.8316041157272,300.7918801809578,250.99276580546183,308.4039379261168,348.62365067567356,271.50007300767857
2020-04-16,2990.267436694924,2799.550048828125,260.3644681658738,333.8412500932148,52.29918050601367,37.83748038611345,218.56367040110086,304.99866394595784,273.71345364340874,301.0301368422338,253.34392146934633,315.11155904517244,359.0896382455258,280.07401395096275
2020-04-17,3041.5374566641217,2874.56005859375,271.43325159885813,335.21477556856206,51.52204517695147,39.54384938563547,225.32353234436562,297.3801614947857,278.35688473530496,305.74286058244905,264.4554866261374,324.80577182781286,362.2538071310669,285.50503019219246
2020-04-20,3010.0128170838834,2823.159912109375,270.89067832225226,335.9648901695309,52.1688386394234,37.95120200061079,219.9418903056101,298.05162893930697,276.8039006011579,301.7782662487283,257.8207569615771,323.1411233646938,355.07361939954353,280.42602213144903
2020-04-21,2890.185545391887,2736.56005859375,257.71355406132153,320.48563086028645,50.9908384644857,36.08513637512042,212.000689862542,292.52496263891663,265.2496948516391,289.80109923293253,251.34704987224367,304.96442770460817,340.388770931655,268.63369053613593
2020-04-22,2991.124622457621,2799.31005859375,267.1235587329722,328.06451742488656,51.6351739917179,36.428723201513854,217.16902702234353,295.8822801582618,283.0779460765826,300.96818778357687,254.310130637742,322.95752792451265,351.9500560636355,281.5574934398755
2020-04-23,2982.2154447227654,2797.800048828125,268.03820050448735,326.700713234991,50.47439062117693,36.56314653436077,216.5455358597296,295.59819853570514,287.5039603375645,304.08937331354474,255.4051971820708,315.87044510065954,347.6906205653181,277.7356629331567
2020-04-24,3030.1867379047967,2836.739990234375,272.00686015204366,335.20505428311037,50.25797223774875,36.6376175858491,218.31754360943455,300.37590446457216,295.17570575171584,304.8041432973728,254.1812978341536,322.724961248914,354.03919921251304,286.46047822736864
2020-04-27,3061.04814195041,2878.47998046875,278.16133054431333,339.49130876365433,50.09320051493789,37.718918087632964,223.8796686144318,299.6269637963102,291.1845251525625,303.98691015220743,260.04305524952844,332.7251788832255,353.02505085094714,291.1120313406583
2020-04-28,3007.2080754135714,2863.389892578125,276.50257543791605,324.83036169704894,49.46853972734215,38.69563684264357,225.91420159426727,287.566479286901,284.05633366402554,293.9301057866476,268.6102523955696,325.9686052058062,344.425061603102,287.2399221723016
2020-04-29,3122.877945539351,2939.510009765625,290.764869906995,340.14400240919457,50.8334442999669,40.878942846380525,225.99624385815605,291.25952067687604,301.5739928014711,319.61654131510113,267.03209355321536,334.6836174047422,359.8806727295731,300.21400373767904
2020-04-30,3130.0265774655354,2912.429931640625,287.09078518264454,344.49845453140875,49.84235227528913,39.80462933863062,227.4893029034824,295.0816972419265,317.9113925277616,321.3272369400516,261.395787401034,330.25267312920175,363.4910693701513,291.8411966239534
2020-05-01,3053.8069089122882,2830.7099609375,279.1845011641115,334.95176574473635,47.828196304952726,38.950237129238566,224.99538832459447,292.52496263891663,314.1221074489778,314.64412595763326,257.0477601400468,319.6281936441667,354.07977381279414,275.84989660211977
2020-05-04,3090.5515586503443,2842.739990234375,278.316364997593,340.08552605297604,47.00925356137788,37.99610057523674,225.43837148518276,301.7188393536147,318.7655148442166,316.11894981464565,256.75790476123154,327.76791522779666,362.7405785370333,277.8362394394395
2020-05-05,3130.584927263648,2868.43994140625,281.5563816386842,346.92407875946236,47.96099985935562,37.45571615173642,221.13962724387758,308.8983137347489,321.5764360322148,321.91095412655176,260.10748393749503,335.9688601942256,366.634904531524,280.45117105377153
2020-05-06,3128.9951835879774,2848.419921875,279.6340868856606,353.14888241961853,47.997887650815926,37.0715364980973,224.421117513157,297.81918956482366,323.7506043413577,321.003211370804,253.5693727325398,337.6702277453809,370.2452702227503,282.6637966429723
2020-05-07,3169.469175017806,2881.18994140625,290.06726217710946,357.2987713455238,48.32251522595819,38.81903982510719,225.01178676305864,301.6413661298741,328.08341964909863,327.0215769613614,251.34704987224367,343.7046344553493,372.3952907467255,285.75646186639597
2020-05-08,3197.1341729653022,2929.800048828125,292.31511982004565,358.0099116185809,49.47837897344682,38.467386286015085,228.2440566811616,301.1765070841688,329.7761903647784,330.7883996524214,261.97549815866455,343.16606292807955,374.58582397227815,289.150837425661
2020-05-11,3220.009997898789,2930.18994140625,291.05942117526445,361.81884206483676,50.513736347876964,37.93426452939929,229.9012002542655,303.11341649073063,331.06514634306194,334.3360448289091,260.3329352006885,352.321741537558,378.76414121938507,288.84910790681255
2020-05-12,3166.471392341607,2870.1201171875,287.9124157441665,355.6622063176491,49.261960590018646,37.259998273294244,230.19654739710828,300.5308706153148,326.28197606294765,327.77921685714267,255.79167102049115,344.7817775098889,370.1844237970045,280.82832815658037
2020-05-13,3113.3418797914137,2820.0,280.59523426217237,349.2912563599991,49.05292351745541,36.72633501643627,225.93060003273146,301.89961677676337,318.5170553922126,321.4868502893048,251.7657380546473,339.24922323915405,364.5863359829276,274.2407108676088
2020-05-14,3115.1452942376036,2852.5,279.0294903657683,346.20321720095365,49.50543127137534,37.16832064138315,220.8443051368187,302.4677800218767,321.1726449914759,323.1070072196078,248.96370443672063,343.05590566397086,366.16840495102224,277.4590823366307
2020-05-15,3151.9129842606408,2863.699951171875,285.059961581338,355.85701849980467,50.09073882712528,37.2167143539359,220.87710201374708,305.0761371696985,327.4933017918497,327.1716507372628,251.31483552826037,348.0988969969614,371.50283523665126,272.15379152400624
2020-05-18,3227.1432566509957,2953.909912109375,298.8106707405178,358.45801233911044,52.94351228067299,41.87098769915468,229.8684033773371,302.4677800218767,331.08069135026415,329.73290984598,263.74691849257374,355.41850914230537,375.0523545021318,287.69250685907076
2020-05-19,3221.890356970173,2922.93994140625,294.6870002946183,362.5786779512573,53.41569477422938,41.60563617138766,228.391717734691,306.13499043618447,336.8112065967317,327.24194692260266,264.2622497069272,350.9875648667649,372.4561371724713,283.3175343423071
2020-05-20,3300.7496188120663,2971.610107421875,302.5777666748615,373.7132064237392,53.314863140807354,42.99261520079262,229.45821709367718,308.74336728726763,357.1397632255182,335.1604035700233,270.12400712230203,355.5653854944502,376.57357704448054,295.3864465341462
2020-05-21,3276.1183841546936,2948.510009765625,299.97335817530586,372.29095560632686,52.176216197715455,42.89932619543358,228.63784452635733,303.0875855150633,359.3449978524081,334.226456071623,271.1868347503028,354.9656279384894,372.0504530683635,285.27872825730435
2020-05-22,3286.029784959812,2955.449951171875,300.2989210652185,375.3010758382505,49.11194398379191,43.85695788736221,227.5221248161947,309.4406460041949,364.81150863966957,336.0419706671836,270.18841123792384,352.04020362654177,372.21272052013626,285.203300673344
2020-05-26,3282.9647929785333,2991.77001953125,304.46907346117825,366.89415574555966,49.6087208400371,46.96509379563022,231.88651288292448,301.2281493322421,360.602911209602,337.6144588147923,279.013249418797,345.41829150799384,368.27785087471625,290.98632509506007
2020-05-27,3296.8306495434767,3036.1298828125,309.9414537618522,365.47190492814724,49.47591728563421,45.6697891163167,236.41496044164785,303.1392277631366,355.8507835505773,337.80981648004996,283.8443689778096,344.2064868945829,368.76462228068266,296.24131806303956
2020-05-28,3314.1459211571137,3029.72998046875,312.6388971263375,370.0114182183636,49.060301075747475,44.332546063701166,237.4978582390982,313.3919380410593,350.13581331131184,337.54535507612144,292.7980645346159,347.46238299885647,367.93301319635424,291.3383332755464
2020-05-29,3338.3174389373494,3044.31005859375,312.56137989969767,376.6064334006292,51.00313564583009,44.07526124863281,230.70517438312115,317.3432300779237,349.5611930679505,340.4497189007899,290.4146945267481,355.35732311361426,371.68537451388863,298.55452015852313
2020-06-01,3357.3716903646778,3055.72998046875,315.28983488582617,379.6068026183995,50.80147613155892,44.91701845237398,234.69217304311937,317.0849794310344,360.15255623722857,341.1406399512383,291.60637953068203,354.90444190979827,370.83349360409557,296.34189456932233
2020-06-02,3383.147759244721,3080.820068359375,319.0104252151732,380.34716620521493,52.70988084542096,44.49412317232873,233.54365645602837,316.00031489214246,361.41046959442247,342.90374506149385,297.72580255323356,351.51388424665333,375.0523545021318,308.4359365004769
2020-06-03,3404.108560460042,3122.8701171875,321.3358000847492,379.8406188571685,53.762455024247835,46.402127171121116,239.35190825269194,304.55963587591987,357.4348340024713,342.22710428700816,308.28984672403266,355.0880373499794,375.96508183767065,319.8511109929812
2020-06-04,3361.911684117876,3112.35009765625,314.8557668025669,375.82709548590196,53.62227391155289,46.850295744287806,239.23704407609088,302.622726469358,351.4247692895954,336.4613047177546,300.3990033675719,346.29958697497096,371.016032881333,323.2957843968912
2020-06-05,3431.09716037316,3193.929931640625,323.2116128877126,382.74356711951015,53.99362852426014,48.73222240414461,242.0263057978216,305.5668271910711,358.38215527216727,342.7060025028982,310.89864342274916,352.652213329884,379.6971403803886,330.4868415405526
2020-06-08,3468.211038942387,3232.389892578125,327.53679973695193,387.4974243488905,53.85836703461753,49.49225245315221,242.5349578196184,308.64006308785963,359.36051916295287,344.6644652784114,319.82012463557214,358.6988721872338,382.04997200706583,334.0572211900608
2020-06-09,3469.139171300016,3207.179931640625,321.42881129474245,386.8934560454154,54.281364555369215,47.80012983272903,238.7612390027903,312.6688283484647,370.65072045326565,346.9398280272234,316.0518327045603,356.4956521968449,384.9707242402718,332.1965845983392
2020-06-10,3506.154050892346,3190.139892578125,324.66882793583363,396.3037495487474,55.00931115905382,46.599462986650536,240.35276378625352,322.3275444056067,367.6379274415553,349.2485211146368,312.2191612302714,362.1506158790698,399.24991955340437,330.38624585126263
2020-06-11,3328.47643829655,3002.10009765625,303.7714657312927,377.64878113918223,52.9336767871412,42.70279770753796,226.5704896338096,316.1552613396238,348.5362178522157,334.47422322218574,294.44062749259194,340.1182665587498,377.810839283565,313.31379154865465
2020-06-12,3375.1134157906276,3041.31005859375,312.5148742947011,396.0309887107683,53.52390396594347,43.65854891680738,231.41068277383997,314.9931235769912,354.98111622692016,336.6995613790306,295.24581408576074,343.55775810320443,380.79243794251676,311.7046058141437
2020-06-15,3397.9791034255827,3066.590087890625,309.72441972022256,390.96539631549706,53.37388735971673,44.37771374753837,229.9176237285136,326.74369548817646,361.0688111891775,338.28871469594,301.36523710831233,346.5688727386058,383.22638782040445,312.3583435134785
2020-06-16,3456.883920338095,3124.739990234375,316.8710727655836,401.0283834643693,54.748627425873266,44.997941561293395,235.70945205092906,324.70350158546796,365.96070173307766,343.7376433759599,306.1963566673249,353.22750394519,392.61741155229697,317.08532421072846
2020-06-17,3467.5746054128153,3113.489990234375,318.1112774270115,402.80131404688274,55.14949227174877,44.0435358980803,234.00306309086477,330.8499536757835,365.77435121991033,345.73900514749147,309.0950333172014,350.66930786771246,393.97636664287296,317.36190480725446
2020-06-18,3469.6226643572577,3115.340087890625,314.59220350100424,409.59114141130385,54.97488130283324,43.77764615189074,231.01691996442813,334.0523247476474,366.4110804021084,342.12702601900884,306.55064073410676,351.5751076294523,398.1952275409092,316.7584649525646
2020-06-19,3486.2300674531425,3097.739990234375,312.45287470635105,416.94599247998997,54.26168981573275,43.738933807304264,233.62569871991712,336.2216538254312,370.8370709664329,341.11682010192374,316.7281864941407,350.46124548687646,395.8220931394155,314.01780790962727
2020-06-22,3518.9286215502643,3117.860107421875,314.08064184604154,427.3012127664464,54.45105590123241,43.91664105950953,230.93487770053937,335.0078541114639,371.50486646637796,345.9153127501105,314.1193897954242,360.008581917372,406.815488614219,314.8726986215277
2020-06-23,3547.2518187927603,3131.2900390625,321.52182250473567,429.16181329023505,56.25617104643269,45.08827364714816,230.52469141687942,337.2805070919172,376.19488518656595,348.90544548275057,314.76355381336606,359.6536058302833,409.5333987953711,318.3676506870756
2020-06-24,3467.569534584975,3050.330078125,312.9024367729637,420.5211066874769,55.63397194664956,43.29318393521932,222.4686267972103,337.97776610558304,363.429353708145,341.1763842672427,306.9049248008886,350.2286788112778,401.27821627653606,311.7548844757816
2020-06-25,3514.3066243863937,3083.760009765625,336.9003224585424,425.65489672441834,54.63550236367973,43.42922192333383,222.4686267972103,337.64206193821445,366.0072893613695,343.40646312669844,309.9324342543535,353.4356036801338,406.3489580843654,314.44524367407394
2020-06-26,3421.069178307072,3009.050048828125,329.38160091827206,415.88417244183194,53.049263537147354,41.43599235006142,218.9738566847608,338.1327125530644,335.56881455008266,324.0052394860688,305.5200028777445,350.70602695574865,398.2154993663738,310.19599658591557
2020-06-29,3449.488267276629,3053.239990234375,329.76916339653474,413.2344829891627,52.879572191284154,42.833187684035536,219.9418903056101,337.51292676313915,342.6504184103278,332.36088780003007,309.67476864717673,352.4196840083932,402.49520669015584,313.7160783907788
2020-06-30,3512.337721469205,3100.2900390625,332.8696632226361,424.05727629575375,53.04680184933474,42.809529046181694,220.49973764279943,341.0251907299656,352.63611871515485,336.80199545630285,314.02277133581913,362.5423110541947,412.7786549827707,319.24767113829137
2020-07-01,3554.7644310268424,3115.860107421875,332.6681231643599,428.44095173172633,53.108284003483845,44.59601710880898,223.02647413439968,349.211856426251,368.91138580595134,342.6226184882646,312.8310863318852,370.3637756387722,415.19233303519377,313.79152515774626
2020-07-02,3570.5364181167265,3130.010009765625,334.4199131356868,431.4997973057151,54.989640171990246,44.896854952446944,225.1102274654116,345.64793050808987,362.4975537489939,348.97452013735636,314.1193897954242,373.6931099191182,418.356470971383,316.33101000511084
2020-07-06,3638.025150917203,3179.719970703125,337.2568733151619,440.89058878074036,59.0228679831425,45.80501977679741,227.60416708008347,346.7584457259105,373.1510258571086,356.3604766369129,319.11155650200845,379.01760180901715,427.36211337398413,325.68441407633514
2020-07-07,3618.0048404583804,3145.320068359375,335.36556652884514,437.74407326547635,58.164575760294724,44.55998929269585,225.58605757449612,348.07552993602445,374.05175949851275,353.85404099090385,317.95208584205784,376.9122869353556,422.39279259218176,323.3460822415362
2020-07-08,3659.9716459106576,3169.93994140625,339.33420252146504,445.8490092064296,63.37088412333234,44.6634978844437,229.01520889730497,350.2190477414023,378.2758782391252,356.4319652689217,316.21287985213195,379.91114942337566,431.6823952980473,325.00552745467786
2020-07-09,3673.253482643325,3152.050048828125,339.98530464635394,448.9273270800234,64.33000422702925,44.904921665145615,225.32353234436562,358.3799021652818,379.7046207989415,360.003430294724,312.1547325423048,376.88781999470075,434.70456855728025,327.9473183271737
2020-07-10,3700.3805443833817,3185.0400390625,341.45803733276483,454.1487870582401,64.18983061948008,45.90288035692832,232.37874143047316,363.6482784122601,380.5898331298008,367.32982262896155,312.70225352829686,376.44715358415823,433.3861571176335,328.19876918438433
2020-07-13,3600.303367406801,3155.219970703125,334.45092475733,431.0321945568788,61.892854488514054,45.347980445117905,227.89948918714234,349.444276097473,371.16320806113305,360.0868143093576,310.76981061916075,364.3171541355303,419.9994173145752,323.89924343458813
2020-07-14,3610.8177485913407,3197.52001953125,339.7527766213709,422.5668278366711,61.13293596384859,45.60257744989324,230.78721664700993,357.7600769688338,372.2968798439963,362.2883035328228,315.11781330780315,349.2984121088831,422.5956346442357,331.61829366597186
2020-07-15,3627.990368378336,3226.56005859375,340.68291237623947,421.816742964404,61.287872193127654,48.37465502604395,235.06956244985093,357.50180661868313,373.1510258571086,360.6348162639185,320.3032169335976,354.9289088504531,421.9668366626093,332.27201218229953
2020-07-16,3607.8386298878713,3215.570068359375,339.6752593947311,415.2704531242035,59.637689524633565,46.96186776691467,232.85454650377375,356.52046598246056,374.1604560656412,361.6736118169941,325.4242164437702,349.70235943138937,413.6102640670992,332.34743976625987
2020-07-17,3626.2566309048934,3224.72998046875,344.0624694872569,421.2419979746873,60.77879815553807,46.56934900954597,233.80618168615885,357.1919137237205,375.8687480918658,361.0898946304939,323.42734484666755,354.07208032413087,411.500849092757,336.6470038820703
2020-07-20,3712.2193913164206,3251.840087890625,346.3723267185431,443.5013039054979,62.66507019452392,46.070909522986966,232.9694106803748,365.5077145950813,381.1333633587579,373.04321271291,322.71877671310386,365.639078658942,429.1875989944138,343.410625261285
2020-07-21,3679.440473892758,3257.300048828125,345.3181681320381,432.79540385394046,63.424988719189386,46.01875156329614,235.16800315220388,359.851932822877,375.43391443003725,371.30395653603415,321.4626875935482,364.6109068398201,423.40694095374766,340.64481929602516
2020-07-22,3678.231907708442,3276.02001953125,347.6125313799709,433.5454887262076,61.90023204680612,46.25614526946837,233.54365645602837,357.16610245131454,372.51429667491055,373.703188318095,326.42263995614917,362.84831590586583,429.49183112314284,333.2274794004828
2020-07-23,3597.1848204925727,3235.659912109375,344.6205604021526,420.57955331499375,61.94450114913137,45.581875731543676,237.69473964380413,349.57341127254836,361.22411908125514,361.1208691598224,322.71877671310386,356.8628430772071,410.81120468538484,324.45236626162585
2020-07-24,3571.9004572785093,3215.6298828125,343.28734453073156,419.1865258113398,61.23622553251034,45.738884547219016,235.52896908468733,349.26351837758574,358.2889800155836,360.2130973200095,311.57499721232955,353.34991335668,408.2961365562867,325.93586493354576
2020-07-27,3627.5734943213956,3239.409912109375,346.2018219368465,425.8010132932104,61.69365290948261,45.78001559288724,238.08852748899986,351.63945585418554,362.62179532332453,364.5803314509355,323.0086566642639,362.49333981877714,413.46829939014293,332.1965845983392
2020-07-28,3595.468481325293,3218.43994140625,344.43451432722975,421.0861303917419,61.24852271385474,45.21328800305972,240.3199418735412,348.07552993602445,357.3727013669773,357.4659910353214,320.0133615547823,363.28894496230043,409.75651267288964,327.1930424875703
2020-07-29,3634.7300928483246,3258.43994140625,347.8450830598904,425.02167537848317,62.084678509253436,45.90664460406639,244.99607552157798,351.0454419301435,362.2956582286244,362.6314082487741,318.14532276126806,369.87417534692,413.8942243703636,330.9897048889596
2020-07-30,3647.035387027798,3246.219970703125,347.2249689017082,427.5349992765137,62.155999909507216,45.37432689326475,245.99690601935563,357.91502341631514,364.1747794574715,364.8781522775305,322.1068516114901,372.02846145599915,413.56968946681803,324.0752283418242
2020-07-31,3671.3756880868896,3271.1201171875,348.4651735631361,432.8343781818523,61.73300238875553,44.685810976241214,241.5833226372333,365.7401342663033,393.94548246547066,353.3250890989816,317.5333730873094,375.0028196492565,415.8211000674683,320.70600170488166
2020-08-03,3717.3143542334938,3294.610107421875,352.1857638924831,436.39002008973415,63.434827965294055,44.366151896912896,242.83027992667726,367.6512324004592,391.28989286620737,351.2975225847975,321.97801880790166,381.526864005185,439.207358809229,325.15642098861275
2020-08-04,3710.6317600917478,3306.510009765625,352.13925828748654,435.3671743794879,64.48248627364148,45.03531164164319,231.50914851197683,377.8781314059759,387.9820290775439,349.0388540893513,321.8814003482966,380.2294064224281,432.6153944590509,332.4731651948652
2020-08-05,3719.8253759088375,3327.77001953125,354.54215038370234,437.8902195629701,65.14895072317698,46.36986688396572,224.53598168975805,377.51653715315587,386.8793999157703,351.0973951328639,329.67560067280755,380.60884945017165,431.9055091755659,333.65491516492943
2020-08-06,3781.1486251469832,3349.159912109375,357.9372014780732,452.11278719449757,65.33831305610376,47.09629109976159,222.92803343204673,379.5051085110524,411.9756292107836,357.4088117633404,329.57898221320244,382.1755927965634,438.8220084292895,336.2698659622686
2020-08-07,3746.616925538824,3351.280029296875,358.97586608122475,437.94866619048696,61.99860574498842,47.168609277559796,222.0092201623739,371.8607947874743,416.88306476188586,356.07219538366974,328.16184594607506,378.74831604538224,430.97247906521045,335.81726209249234
2020-08-10,3711.524876226117,3360.469970703125,357.084559294908,431.83100477121104,61.02226883689477,47.54768241982416,221.73029649377924,363.36419678970344,408.434827280661,356.4557851182363,328.87041407963875,372.3222141602889,422.39279259218176,340.4688343887891
2020-08-11,3659.2878578471327,3333.68994140625,354.34063398036255,423.97935736863184,61.09358648457567,48.52951096802917,222.7311520273408,350.45146741262425,397.7658338620015,352.6960880231251,326.9057568265194,366.22662142162943,412.5149974543229,342.05285201797045
2020-08-12,3732.4695678775292,3380.35009765625,356.1699175233928,433.84747287794517,62.75852426965388,48.609357640103525,228.6706414032857,361.2981522080662,403.6050693722549,358.9622498483104,332.63868143830587,373.01991418708496,424.2993964638219,348.5901906453041
2020-08-13,3751.287430828467,3373.429931640625,359.23940572785096,438.3870158968632,62.39700890305131,48.20339983126977,228.83472593106325,366.12753979152933,405.79473529528525,361.7808156809423,336.9544943553097,375.4189817650363,423.3055199277207,344.8437877225457
2020-08-14,3733.3739528893007,3372.85009765625,356.9450424799182,436.02958931047976,62.45849105720041,47.8243266890054,223.61714338430133,362.6668983695148,405.70156003870164,359.226711252239,335.8594278109809,373.98689997751586,423.71117308247665,345.34668943696687
2020-08-17,3754.696847305072,3381.989990234375,360.61912720426864,439.9066876697042,63.19381521917708,47.12667090425778,226.17672682439778,362.71856032084946,405.5773421610283,361.66884203031816,336.50359182892277,377.0102294061908,426.51023246419106,347.68502127176583
2020-08-18,3795.22620370021,3389.780029296875,363.1150305104777,451.52832091932925,63.7447004238522,47.825403125850464,229.03160733576917,368.2193956455725,407.40985206492627,371.3468264479874,335.6661908917707,378.09958725400384,428.9644851168952,350.2748039637754
2020-08-19,3784.493723061247,3374.85009765625,363.7351446686598,450.06709577400505,64.08653729824543,47.51784083375051,227.65338743125994,366.35995946275125,407.798098098463,368.70933800465053,334.9254084142238,380.1192118042116,425.33381665085244,348.18788462017284
2020-08-20,3841.356189459147,3385.510009765625,366.80463287311795,466.1113490588128,63.44220552358612,47.55063933932844,225.32353234436562,370.5436711708376,417.76827709274517,376.8624739733402,331.5436394663218,391.7596483150952,435.2319145635278,348.4142057380681
2020-08-21,3830.304660101578,3397.159912109375,368.1688603661822,460.9873100360247,65.36782328927201,47.8377690222901,222.82959272969376,364.6813204063401,414.6623088244512,376.5456030841065,329.901051936001,394.4157868634079,432.0677766273386,352.8394569164696
2020-08-24,3873.4920434694345,3431.280029296875,368.57191682779825,463.98767925379497,67.88121405109332,49.318306166265366,226.7509726000513,367.5737591767185,421.4643869149454,378.39921780494444,333.7981520982564,407.74533877806545,433.42673171791466,354.57436807958584
2020-08-25,3913.883724719438,3443.6201171875,369.2850421959736,471.9075242980444,70.33558434657814,49.83879619904991,225.1430493781239,367.2638662817559,436.1090159255561,383.16912081714077,333.7981520982564,411.78462523258884,439.06539413227273,356.1835538140968
2020-08-26,4031.741709378687,3478.72998046875,372.7575868620478,514.8285751884042,71.80131680005204,50.19286515740411,222.6983301146285,370.93107669606366,471.96741389581257,393.6905431226279,337.1155169305366,419.0307992018603,448.5578079408403,358.1698774684094
2020-08-27,3992.384520873826,3484.550048828125,373.40868898693674,497.1282845761168,69.88553828047081,50.906116149126554,222.20610156707983,366.12753979152933,455.36600971031595,389.38999875296975,330.35195446238794,422.2866953061339,459.57147524110854,355.7561180496501
2020-08-28,4020.6733603908874,3508.010009765625,376.6952348879609,503.0900784124472,71.07337019636742,52.29739764409212,222.960855344759,363.8032248597414,456.0493265208058,391.79164451243366,334.1846505090216,423.64533891758185,464.2974103199277,360.78482826574856
2020-08-31,3990.737081534925,3500.31005859375,371.95145028387924,500.11893250843536,70.58889052146662,51.361809934749736,220.51613608126362,360.1876763967683,455.33496708922627,389.3542835210304,333.70153363865137,422.7640808047126,457.44175749194983,357.4155632627918
2020-09-01,4022.9925476487856,3526.64990234375,372.0909907538055,514.3025555407528,73.28672774573526,51.856757565201576,214.46180756450158,357.1402517723858,458.8136363838549,395.6752106407937,334.95762275820704,424.9550486477201,460.9710049319657,364.4809333438621
2020-09-02,4109.779131374944,3580.840087890625,383.1907621534967,520.0013098245557,72.81208731693914,52.39095575866243,224.02732966796125,360.4200960679903,469.77770057946753,411.7742295302906,340.7871658295986,433.5231844945112,469.8549235337234,371.2193866177472
2020-09-03,3931.5602479953604,3455.06005859375,370.4787175974684,494.67340730560306,69.47483418849065,52.30277326467814,219.3676194941726,343.0137620878621,452.10473354994434,391.17930860587785,326.2938071525608,415.7137170688957,440.7488841263943,356.2086835534122
2020-09-04,3861.68523434578,3426.9599609375,365.9675083282426,479.22340103881874,69.20185702653858,51.55780020422282,218.38318743485914,336.0667073779499,439.0752213089746,379.0758876634952,327.6465393040663,407.73308663068406,434.5625729309721,353.19146509695594
2020-09-08,3722.0671434698206,3331.840087890625,360.6656328092652,450.18398902903874,66.40564235151476,50.8550346262808,220.92632236492355,321.01046019549284,421.1071835024983,365.10212866284377,320.0133615547823,392.6899150174899,411.0546213377199,342.05285201797045
2020-09-09,3816.9628446326446,3398.9599609375,370.3702124041218,467.0659971273888,67.1754001222849,50.30309163397465,226.39000666756786,332.3736462847134,425.08281909444946,370.9560820334069,325.7462861665688,401.73539900875187,428.5588010127874,351.2051030766291
2020-09-10,3744.979447151032,3339.18994140625,362.21588272231594,463.9487346545849,65.79819836831575,48.838415524365814,220.3684750277342,328.65479362233236,416.3395108362715,365.0139748615343,320.1421943583707,392.1635956376015,416.5512881257698,344.9443834118356
2020-09-11,3725.0797897056377,3340.969970703125,363.95217871028945,459.16565411144614,66.79666795128558,47.95525488392551,220.87710201374708,325.4524225504685,414.0410772561407,362.3216629554892,322.2356844150784,385.5661131056005,413.8333779446178,342.8825938075484
2020-09-14,3757.867660047129,3383.5400390625,370.2461895724854,473.3492771437635,67.40903531010981,47.97810619414556,222.0420420750862,325.8656393481005,413.3267178245612,361.978587323603,321.1084035267664,389.6176143533974,416.63243732633214,348.3136100487782
2020-09-15,3813.232773994827,3401.199951171875,372.3700243837851,484.80529179628974,68.35831616770206,48.04289915948727,224.10937193185003,331.41811692089686,423.0639586773842,367.2583339969527,322.01023315188496,394.7095395676976,423.4677873794935,353.6189008614026
2020-09-16,3741.5522759642745,3385.489990234375,371.16083134400054,463.6954461162108,68.4025890226002,48.57145262315084,223.2233805748895,327.31185873328974,409.2423619688242,362.36456195150754,316.88923364171234,383.583207643429,415.90224926803063,351.2051030766291
2020-09-17,3699.912426101435,3357.010009765625,367.1301957630306,462.0393790600294,67.8074384681727,48.04854388928456,222.43582992028195,323.4897018715007,395.73142843773405,356.3199916182976,316.27728396775376,376.0554957631412,411.5616955185028,353.01544182370566
2020-09-18,3651.200823281464,3319.469970703125,366.1380131099392,455.4638659060705,66.99341534765018,46.571770992447355,218.15348411744094,325.1425296555059,392.17508150040936,347.85234056964714,310.254503977152,367.3649505048601,406.45037911039236,348.6404884899491
2020-09-21,3641.401796420661,3281.06005859375,362.6189628388684,463.34476635110985,67.34017559766865,44.423954586400995,210.55682613260822,331.3147930182275,385.37300340991516,340.98341149532297,303.58755996860845,376.6307863784472,410.81120468538484,344.416351958099
2020-09-22,3712.418807292267,3315.570068359375,367.28520656137385,474.1967829714593,67.70169096427122,45.004931837147005,210.98341085473234,338.3651716308091,395.6227081739483,349.1555975266513,306.42180793051836,388.35687585867674,420.7093025980602,348.6153203846195
2020-09-23,3613.3937978492804,3236.919921875,357.5651329831639,458.2304783424752,67.12621890205307,44.04971884630011,209.9169365315301,331.6505365921188,386.72411572035,337.18320029753147,301.01095304153046,373.24022871530224,406.8560322651483,339.8402456117768
2020-09-24,3603.865437980808,3246.590087890625,332.4045835177336,455.5807888898059,66.33432845640675,44.37502265542572,211.3443767872158,333.9748515239067,387.51612909796836,340.2996160408234,298.49877480241906,377.7201442262603,412.12961612503153,343.687205857811
2020-09-25,3662.9383295283046,3298.4599609375,332.73014640764626,467.37773229327973,66.66878777250793,44.568594223817065,212.32883388231318,338.80419970084705,395.73142843773405,344.27133597049294,301.3008329926905,389.8501810289961,421.52063985692405,347.7856169610558
2020-09-28,3737.2812289974245,3351.60009765625,345.3646737370347,475.8820733413991,67.87875986842649,45.71468769094264,225.68449827684907,341.61916524748483,398.8373967060281,348.93165022540313,307.19478017970386,398.4795029044783,424.8064706446048,356.8875701750694
2020-09-29,3731.175598052977,3335.469970703125,347.3800033549879,476.68085382702975,68.10500999281356,44.97750895215509,223.30542283877827,335.78262575539327,406.55572974847126,350.0776496424269,306.0031197481147,396.1416587093259,420.3847676945147,355.7812477889655
2020-09-30,3756.349654228365,3363.0,350.3409863660994,477.75242487934116,72.2980974088701,45.99106285091261,225.8649812430908,336.78981707054453,406.7265352544364,350.14198359442184,305.5200028777445,399.287360195383,426.611653490218,359.02474899730277
2020-10-01,3800.7487668885083,3380.800048828125,349.0852640663818,486.5977244071099,71.33159224173536,46.85943561201189,227.85026883596586,342.91043818519273,414.072167270545,355.02386025724223,304.9402675477692,406.7906051350159,430.93193541428116,364.35520791525676
2020-10-02,3712.91788395674,3348.419921875,344.7755712004958,466.60814539270586,70.86925274685653,45.99186689672676,227.47290446501822,333.32921505505277,403.6826996216364,347.47829040843243,305.74545414093797,393.9996247476281,418.2145062944267,354.7503529868219
2020-10-05,3776.0891797738827,3408.60009765625,346.4653615834727,473.89479881972176,70.89383960439955,45.88648110413936,230.80361508547412,337.5903999868798,410.99724162334064,354.05416844283747,310.9308577667324,405.59105266898626,426.71307451624494,362.2682885716542
2020-10-06,3707.486026813208,3360.969970703125,341.59757780269103,466.5984241072542,71.90707180909928,45.96498223015738,226.96427747900532,322.40501762934736,401.6948818256608,346.2917478046632,306.45402227450165,398.27144052364235,417.646585687898,361.68999763928684
2020-10-07,3765.8776398800464,3419.43994140625,346.4033383401863,480.40211433201046,72.91783482084062,47.28609513919521,230.57391176805592,322.8440654026467,400.8562571230933,347.92382920165596,312.1547325423048,409.93634397518076,425.59750512865213,368.9816121062239
2020-10-08,3795.525038826169,3446.830078125,349.7518838295605,478.1518299865073,73.911388533331,48.09156198125129,231.1153606667811,325.37494932672786,409.61511038847345,354.0327334868609,316.0518327045603,410.03424909190807,427.11872767100095,372.27541115920616
2020-10-09,3852.6839729116714,3477.139892578125,354.52665640034894,489.179216218109,73.7146411369664,48.87336690363387,231.72242835514692,329.1454639404436,410.6866732325,361.0112513184711,318.2741555648564,418.3820704104819,437.72671086716133,379.4413385635521
2020-10-12,3938.8507596316485,3534.219970703125,357.47212177317067,497.6835572662284,75.33777150753197,49.60220982051148,231.49272503772872,338.0036167845118,428.23537499103526,373.86044585807537,319.07934215802516,429.5451214227868,449.0648821216232,389.4735908904194
2020-10-13,3944.8384526143154,3511.929931640625,355.59633262514376,501.0151339494946,75.93783793243892,47.88078383243718,231.16458101795757,343.32365498282473,428.84106155214363,374.46324219127933,318.2419412208731,427.9049399003226,452.02620895511035,388.4427344542901
2020-10-14,3909.2788613515177,3488.669921875,355.67382619684713,493.22193317443225,74.03435284162921,46.580372641748916,229.24491221472317,342.8329649614521,422.1321587182331,373.6054949434336,317.2113033645109,422.6538861864961,447.9696155088469,384.11804059916426
2020-10-15,3878.0970882566085,3483.340087890625,354.6506792319854,488.1953151070728,73.64578142452524,45.760659420594,224.33907524926823,339.1915658195503,414.2119301554205,371.47310945863927,318.9505093544368,418.57791799804437,445.5356656309592,383.5648794061123
2020-10-16,3889.9525599831527,3483.81005859375,356.63499722829533,489.8221588494958,75.57632256583634,44.8401286998039,227.2760230603123,340.6894471560742,412.9850594193162,374.780113080513,319.2403893055968,417.5742131195772,445.5356656309592,384.99804186737293
2020-10-19,3821.866569437296,3426.919921875,350.7285488443621,482.3991398678412,75.07954946216404,44.440892057612494,223.56792303312486,335.39522023016724,405.9500431873629,365.6310514707009,314.73133946938276,410.3769730316154,434.5017265052263,379.0641622777362
2020-10-20,3842.0882470492843,3443.1201171875,357.1620765215478,481.7951418356644,76.1911441073274,44.94336490052083,224.6179989178629,328.91304426922164,415.51643114090615,370.7106997761821,318.1775371052513,409.4467436833286,435.3738792404841,379.2401855509865
2020-10-21,3857.843603831245,3435.56005859375,361.3632641940872,483.139473725955,75.73863635340747,45.758509828723525,222.37018609485736,329.6619849374836,432.86328477238663,379.6167349380422,316.88923364171234,407.34142880966704,435.67814231856494,367.42272421635795
2020-10-22,3851.7628033794226,3453.489990234375,353.6740142171838,471.09899279826044,75.32301639094786,48.17786071075672,225.25788851894103,327.7767177789951,431.91593980603335,384.8631221887254,318.9827236984201,406.1541284910188,435.86068159580236,372.67771718433744
2020-10-23,3894.8096545029794,3465.389892578125,356.09240029675306,475.8723223272458,76.21820015782882,49.02553503532608,227.2103792348877,327.3893319570304,442.27436483385225,390.9791811539442,324.78005242582833,409.33658641921994,438.57859177695445,377.0527088841082
2020-10-26,3800.6278047244964,3400.969970703125,339.86128181471753,462.91613793018524,75.46811337412225,47.02907943333813,224.04375314220937,327.15691228580846,430.34741066468416,378.9352952928155,320.20659847399247,401.588522656607,426.10457930943505,366.9701203465817
2020-10-27,3829.5027396008995,3390.679931640625,342.07815149094694,466.18926798593463,77.99380506986085,45.642366231324786,224.12579540609812,327.0019658383271,439.9448886326318,382.22563374538856,317.597801775276,404.25687599819315,432.53427620784043,369.9119112190776
2020-10-28,3687.2558143301126,3271.030029296875,331.6604701828515,445.1573709616793,75.73125879511541,43.15123538991591,215.39701927263857,324.3677580115766,415.68728404018594,361.3448164610706,314.2482225990126,389.86243317637746,411.0951649886492,359.5527804510393
2020-10-29,3754.816258055574,3310.110107421875,335.5360949654782,449.1903369038492,76.86744780296758,43.828996783947765,214.10084163201813,319.9774379046742,436.12451353944357,373.4053674915,324.4257929313913,398.55294108055074,415.23290763547493,367.5735793842786
2020-10-30,3702.6566037552448,3269.9599609375,336.2647143170069,435.54251426203837,74.93199079117703,43.62037150882378,213.59218961022134,309.46647697986225,408.6056327866262,386.2164328217618,335.02202687382885,385.1744179304756,410.6692400084286,363.5505958649942
2020-11-02,3729.358140232624,3310.239990234375,341.3495321394182,433.4383464853273,76.4444502822159,43.12650031521701,214.57664670531872,309.4148150285275,405.8879105518689,387.41248591481786,353.92781692747565,387.3042370988999,410.3852797051642,366.090119078373
2020-11-03,3786.622725719394,3369.159912109375,349.90691828284014,442.2836162843944,70.22983684267666,44.886100429455254,219.49888210923785,311.81658348079475,412.0066718318733,393.1735156973955,356.2789725913601,397.475835380119,418.7012777003932,370.36451508885386
2020-11-04,3957.056698701023,3443.43994140625,353.33295734391777,474.63516240653723,72.72354911228864,46.062035482654494,224.30627837233985,323.6188173433146,446.29658805409525,416.74187510108254,358.3402483040846,419.838656492765,438.90312668049995,382.2574040074427
2020-11-05,4042.0033153705217,3510.449951171875,362.7429856705048,483.6362997885497,70.76595942562189,47.54042631657894,229.70431884955957,331.41811692089686,457.6333532760425,420.1346476309278,364.81393082107326,429.581840510823,452.8983616903681,391.1330744695753
2020-11-06,4032.8310139257005,3509.43994140625,366.30854154657226,481.8438671777296,73.76629155015661,47.95552399313678,227.17758235795935,307.813649195857,455.66108048726903,419.74867300302327,370.9977825315914,431.1730881519775,453.7705453749777,396.61438855545003
2020-11-09,4009.0453625938417,3550.5,372.40103600542835,458.9610909151373,71.44964067955412,56.9481758513841,246.40709230301556,302.08039419991206,432.92537001456594,420.0464938296183,371.25542356642336,440.8183670533082,442.9597201267634,392.7925580487312
2020-11-10,3927.761100854867,3545.530029296875,370.06016715249893,440.3158437910237,65.54981556905248,53.96935348276861,257.41650317219296,307.1421817513357,423.0794562912717,414.65951420825536,367.744821814933,418.93289408513306,427.99088040625867,380.8996691301424
2020-11-11,3995.465956258977,3572.659912109375,376.3231663930516,455.65870781692774,65.3309354978117,53.769871357188364,256.21876623392546,309.3373418047869,429.36907047055587,417.59482347818727,369.80609752765747,431.34443144477723,439.22766158404545,391.48508265006166
2020-11-12,3957.617196327391,3537.010009765625,369.19200733104395,450.622338735415,65.00139205218997,52.77245088382819,248.16270161425632,308.149373066487,427.19485476809837,416.9110280236877,366.359899891789,427.80703478359527,436.9762509833952,388.46786419360546
2020-11-13,4013.635172486492,3585.14990234375,374.8194220849976,457.20760290352723,64.14801945239454,55.190728610835976,254.46315692268468,311.9715496315374,430.0989749093375,423.38685687415847,372.414894226374,436.9137421576562,439.1465123834832,393.87371232950557
2020-11-16,4030.4093180758655,3626.909912109375,379.73371147077586,449.0344990496054,63.52582035261141,56.71616432943719,263.2903737584972,306.28993688366575,433.220440791519,424.4256524272341,378.46991313330375,437.0483663624197,440.60688850008614,398.0475510167107
2020-11-17,4010.53909752938,3609.530029296875,377.98194515438536,455.853549727785,63.15446573990416,55.9537122975282,259.71353634637495,306.08332848484974,427.070636890425,421.7500347745548,377.89017780332847,439.11696214804505,434.9885288605446,390.98221930165465
2020-11-18,3950.509156931371,3567.7900390625,371.6414050322564,447.5927462038863,62.91591843417268,54.968388611396385,256.54691025369664,301.7446506260207,422.3650968596922,416.18197776389695,368.1313202256982,434.20863237392587,428.1328760325668,386.0792345141615
2020-11-19,4000.656459193343,3581.8701171875,377.02077412293715,454.353350254549,63.9143917697154,54.06425714339525,260.10732419157074,310.2670598961975,423.8714933655474,420.2657004282557,368.0991058817149,442.4095773403548,430.85078621371883,395.4326385853858
2020-11-20,3969.793089688771,3557.5400390625,377.39284261784644,450.9535759296126,66.58271125567002,53.57495752456034,257.2688421186635,314.7348729301019,418.8398399367718,415.08835874811314,368.74324532731197,425.5793104984437,426.7333463417096,394.30118645996646
2020-11-23,3962.897925689896,3577.590087890625,381.6715238620892,448.7032618554078,66.42777502639095,54.30272400459289,255.3655717538933,314.70904195443455,416.8675197546837,413.34194789122336,369.29079088564873,420.2425664611634,426.16542573518086,395.8097765051875
2020-11-24,4014.4360634471695,3635.409912109375,387.56247826266906,450.7392617191503,68.8501734008949,56.55055058264064,256.6289525175854,310.55114151875415,430.0523872810457,421.4474441612839,375.088119613057,422.53151412911393,433.77153844692486,400.66250181404985
2020-11-25,4024.597628736111,3629.64990234375,386.5238136595175,457.92846446203595,68.29929570136555,55.48457617862032,258.679883935885,313.8051548386913,427.986891842374,422.0550102811638,374.79826423424174,428.9820829548621,433.7918102723895,396.26238037496375
2020-11-27,4058.940255458902,3638.35009765625,387.74850068265545,464.69881952685205,67.99434661843263,55.18534642661066,257.0719356781737,320.6747166216015,431.43451851591294,427.23944847319,376.9883727505546,433.59662267058366,436.5502950538227,399.75733244051156
2020-11-30,4051.917945828858,3621.6298828125,386.1517451646082,466.1015980446594,64.76775686436507,54.534200589936916,254.23345360526648,329.9202355843729,430.1300175304272,419.5080314484093,376.05435335379747,430.8792980935799,434.19749437649733,405.4397611729377
2020-12-01,4110.86844265948,3662.449951171875,391.08155218867626,466.76401297565127,64.92761646926935,55.18534642661066,258.679883935885,328.60313167099764,445.007584682497,428.4092968235935,385.845425275411,436.7546136581299,438.53804812602516,411.0719304267331
2020-12-02,4111.02695666866,3669.010009765625,387.0353989694166,468.81948513899886,64.26606789021331,55.877626590772266,255.75935959908904,334.54297536249726,446.5139811883522,435.5212523458696,381.5940410463737,435.12664692893924,436.8342553570871,409.1358662510512
2020-12-03,4112.743583407074,3666.719970703125,387.453949414386,471.7614077292523,65.64080795636984,56.36719531881844,255.98906291650724,331.54725209597217,437.7085876879949,435.24012577264034,384.04179059751857,445.1758731527762,434.5423011055075,407.2752296593297
2020-12-04,4148.376311695918,3699.1201171875,392.8953417483532,473.4369470850388,65.72442278539513,57.1307237875725,261.48554409607993,332.3478350123074,434.3696812782418,435.53079191922143,390.80535306566725,451.1735607747084,434.7856868084907,418.6904233348411
2020-12-07,4162.7458067955495,3691.9599609375,386.47730805452085,479.5253851905563,64.92515478145674,57.23154128720768,260.68159500300817,337.9002928818424,443.50118817664185,433.5032254050373,390.6765448344236,455.5677859622126,434.6436911821826,418.11209403645955
2020-12-08,4173.2293173645085,3702.25,387.34544422103943,482.47705879496306,65.43914468952579,56.098886871547144,258.2368757395128,341.2834216735935,440.1156941385969,433.2816629971271,395.6686869686631,456.0573862540648,438.1323640219173,419.0926909939582
2020-12-09,4106.519175263495,3672.820068359375,382.5551776668976,471.23535835289914,64.87596605607915,56.64895266301373,261.28866269137404,343.917629500344,431.60537141519274,425.0808582457432,384.71814438709896,445.7633785613557,429.59325214916976,409.2364235743269
2020-12-10,4090.4255393044627,3668.10009765625,381.60952427373917,464.5429519439066,65.13911147707232,56.58873127244389,261.3707049552628,347.8172595858737,430.3629556718863,422.98418799288817,381.9805148847941,443.70703492311173,426.99703481950934,407.3255275039746
2020-12-11,4093.0892029070696,3663.4599609375,381.0979389638401,463.60777617493557,65.05795833585962,56.1677131932382,261.71524741349816,350.7097377627749,424.818790938586,424.51857601521954,383.0755814291229,445.9347592082633,432.5545480333051,403.83057543842676
2020-12-14,4094.0966043991443,3647.489990234375,377.87341630610234,473.8461032063583,62.96510340697739,55.54399024155637,261.5511879215045,355.2033423658239,425.8127235332311,419.34603320581806,377.5036793925633,447.3913452905464,434.46115190494515,402.59852762371753
